row_id,participant_id,block_id,trial_index,split,winner_model_name,choice,correct_side,predicted_decision,predicted_choice_binary,predicted_timeout,choice_match_excluding_timeout,reaction_time_ms,predicted_rt_ms,belief_L,predicted_belief,H,LLR
0,P01,1,1,TRAIN,cont_asymptote,1,1,1,1.0,0,1.0,3178.0,3992.999999999671,3.226995,8.071228102023074,0.001,3.226995
2,P01,1,3,TRAIN,cont_asymptote,1,1,1,1.0,0,1.0,1569.0,656.0000000000005,1.348992,1.002191563177728,0.991,1.917467
3,P01,1,4,TRAIN,cont_asymptote,1,1,1,1.0,0,1.0,967.0,4005.9999999996726,1.927806,1.1575585251209912,0.531,1.525006
4,P01,1,5,TRAIN,cont_asymptote,1,1,1,1.0,0,1.0,774.0,3501.9999999997253,2.433343,1.4972361493020065,0.451,1.917923
5,P01,1,6,TRAIN,cont_asymptote,1,1,1,1.0,0,1.0,1029.0,1495.999999999946,5.936859,2.500767964279064,0.441,5.353956
6,P01,1,7,TRAIN,cont_asymptote,1,1,1,1.0,0,1.0,985.0,1488.9999999999468,6.053605,2.500770919194094,0.441,5.353956
7,P01,1,8,TRAIN,cont_asymptote,1,1,1,1.0,0,1.0,706.0,656.0000000000005,1.294952,2.2555977737756856,0.081,0.594862
10,P01,1,11,TRAIN,cont_asymptote,1,1,1,1.0,0,1.0,1974.0,656.0000000000005,1.413055,2.503131337831965,0.061,0.734078
11,P01,1,12,TRAIN,cont_asymptote,1,1,1,1.0,0,1.0,1481.0,2899.9999999997917,3.253835,4.014819950632385,0.051,2.836541
12,P01,1,13,TRAIN,cont_asymptote,1,1,1,1.0,0,1.0,4914.0,1417.9999999999545,5.941676,4.6380245845379875,0.051,5.294251
14,P01,1,15,TRAIN,cont_asymptote,1,1,1,1.0,0,1.0,580.0,1942.9999999998968,4.389664,4.294642013376884,0.051,3.753973
15,P01,1,16,TRAIN,cont_asymptote,1,1,1,1.0,0,1.0,355.0,2670.9999999998167,3.030494,3.8250629224057873,0.051,2.345472
16,P01,1,17,TRAIN,cont_asymptote,1,1,1,1.0,0,1.0,849.0,3009.9999999997794,2.899324,3.790299726127393,0.051,2.265176
17,P01,1,18,TRAIN,cont_asymptote,-1,1,0,,1,,1419.0,5000.000000000005,0.182801,-0.5965824664530047,0.331,-0.442225
18,P01,1,19,TRAIN,cont_asymptote,1,1,1,1.0,0,1.0,3549.0,1727.9999999999204,4.874673,2.6789876880310706,0.331,4.813038
20,P01,1,21,TRAIN,cont_asymptote,1,1,0,,1,,1418.0,5000.000000000005,1.75275,1.3249263646138982,0.301,1.054018
21,P01,1,22,TRAIN,cont_asymptote,1,1,1,1.0,0,1.0,1088.0,2223.9999999998663,3.873756,2.459550984069026,0.291,3.388123
23,P01,1,24,TRAIN,cont_asymptote,1,1,1,1.0,0,1.0,850.0,4958.999999999991,1.41778,1.1222831803170124,0.261,0.717787
24,P01,1,25,TRAIN,cont_asymptote,1,1,1,1.0,0,1.0,699.0,1592.9999999999354,5.440759,2.9568832681225925,0.261,5.022416
25,P01,1,26,TRAIN,cont_asymptote,1,1,1,1.0,0,1.0,670.0,1415.9999999999548,6.051039,3.020416813477634,0.261,5.353956
26,P01,1,27,TRAIN,cont_asymptote,-1,0,-1,0.0,0,0.0,910.0,1868.999999999905,-4.44779,-2.981401885742793,0.261,-5.147871
27,P01,1,28,TRAIN,cont_asymptote,-1,0,-1,0.0,0,0.0,1104.0,656.0000000000005,-1.054067,-1.0123166272943547,0.231,-0.368008
28,P01,1,29,TRAIN,cont_asymptote,-1,0,0,,1,,911.0,5000.000000000005,-1.499233,-1.7395662650577255,0.211,-1.1697
30,P01,1,31,TEST,cont_asymptote,-1,0,-1,0.0,0,0.0,909.0,1810.9999999999113,-4.77828,-3.141898802945633,0.231,-5.353956
31,P01,1,32,TEST,cont_asymptote,-1,0,-1,0.0,0,0.0,1012.0,656.0000000000005,-1.310026,-1.2446596679577377,0.211,-0.619063
33,P01,1,34,TEST,cont_asymptote,-1,0,-1,0.0,0,0.0,1629.0,2626.9999999998217,-3.256659,-2.558993621319406,0.201,-2.588615
34,P01,1,35,TEST,cont_asymptote,1,0,0,,1,,730.0,5000.000000000005,0.133814,1.1005823811047482,0.281,0.78139
35,P01,1,36,TEST,cont_asymptote,-1,0,-1,0.0,0,0.0,713.0,1625.9999999999318,-5.308787,-2.983051891049697,0.271,-5.353956
36,P01,1,37,TEST,cont_asymptote,-1,0,-1,0.0,0,0.0,642.0,2172.9999999998718,-3.982086,-2.4995226721952317,0.271,-3.285926
37,P01,1,38,TEST,cont_asymptote,1,0,0,,1,,682.0,5000.000000000005,0.102516,0.9832308323927135,0.331,0.778371
38,P01,1,39,TEST,cont_asymptote,-1,0,-1,0.0,0,0.0,822.0,1588.9999999999359,-5.319332,-2.7844976003400004,0.331,-5.353956
39,P01,1,40,TEST,cont_asymptote,-1,0,-1,0.0,0,0.0,609.0,1668.999999999927,-5.245965,-2.6233376102209327,0.331,-4.549726
40,P01,2,1,TRAIN,cont_asymptote,-1,0,0,,1,,736.0,5000.000000000005,-1.409163,-6.450912089376067,0.001,-1.409163
41,P01,2,2,TRAIN,cont_asymptote,-1,0,-1,0.0,0,0.0,881.0,2226.999999999866,-6.647868,-8.57703262138951,0.001,-5.353956
42,P01,2,3,TRAIN,cont_asymptote,-1,1,0,,1,,805.0,5000.000000000005,-3.926944,-6.247413314903463,0.001,-0.52436
43,P01,2,4,TRAIN,cont_asymptote,1,1,1,1.0,0,1.0,848.0,2595.999999999825,1.273233,3.6389543508318876,0.111,4.236247
44,P01,2,5,TRAIN,cont_asymptote,1,1,0,,1,,562.0,5000.000000000005,2.397326,2.4938464659944666,0.101,1.223392
45,P01,2,6,TRAIN,cont_asymptote,1,1,1,1.0,0,1.0,693.0,1451.999999999951,7.452818,3.9668610813133003,0.101,5.353956
46,P01,2,7,TRAIN,cont_asymptote,1,1,1,1.0,0,1.0,534.0,1895.999999999902,6.957805,3.5521818505446956,0.101,3.53347
47,P01,2,8,TRAIN,cont_asymptote,1,0,1,1.0,0,1.0,625.0,789.0000000000006,4.319655,2.420768976762266,0.081,0.906646
48,P01,2,9,TRAIN,cont_asymptote,1,0,0,,1,,1225.0,5000.000000000005,2.353964,-1.40285199261448,0.051,-0.740993
49,P01,2,10,TRAIN,cont_asymptote,-1,0,0,,1,,774.0,5000.000000000005,0.2257,-3.0017462430451256,0.091,-1.841031
50,P01,2,11,TRAIN,cont_asymptote,1,1,1,1.0,0,1.0,925.0,4140.999999999717,2.308632,3.252066459223945,0.081,2.097033
51,P01,2,12,TRAIN,cont_asymptote,1,1,1,1.0,0,1.0,656.0,2294.999999999858,5.276275,3.6869006581921315,0.081,3.243506
52,P01,2,13,TRAIN,cont_asymptote,1,1,1,1.0,0,1.0,508.0,656.0000000000005,4.050919,2.4526096938417745,0.071,0.756703
53,P01,2,14,TRAIN,cont_asymptote,1,1,1,1.0,0,1.0,489.0,1349.999999999962,8.362356,4.318768415432924,0.071,5.353956
54,P01,2,15,TRAIN,cont_asymptote,1,1,1,1.0,0,1.0,1599.0,656.0000000000005,3.207631,2.1329008555434146,0.061,-0.227382
55,P01,2,16,TRAIN,cont_asymptote,1,1,1,1.0,0,1.0,520.0,3259.999999999752,4.631081,3.4898827654533475,0.061,2.004847
56,P01,2,17,TRAIN,cont_asymptote,1,1,1,1.0,0,1.0,564.0,1568.999999999938,7.587839,4.27693699704976,0.061,4.411135
57,P01,2,18,TRAIN,cont_asymptote,1,1,1,1.0,0,1.0,640.0,1297.999999999968,8.780539,4.470378033897844,0.061,5.353956
58,P01,2,19,TRAIN,cont_asymptote,1,1,1,1.0,0,1.0,709.0,656.0000000000005,4.077246,2.586052298836422,0.061,0.639757
59,P01,2,20,TRAIN,cont_asymptote,1,1,1,1.0,0,1.0,535.0,2289.999999999859,5.89734,3.8511826714518658,0.061,2.879757
60,P01,2,21,TRAIN,cont_asymptote,1,1,1,1.0,0,1.0,474.0,656.0000000000005,4.009117,2.568648103872132,0.061,0.649122
61,P01,2,22,TRAIN,cont_asymptote,1,0,-1,0.0,0,0.0,489.0,2905.999999999791,-1.736407,-5.411754530544068,0.021,-4.729901
62,P01,2,23,TRAIN,cont_asymptote,-1,0,-1,0.0,0,0.0,1160.0,2395.999999999847,-5.231129,-5.154481171974566,0.021,-3.655983
63,P01,2,24,TRAIN,cont_asymptote,-1,0,-1,0.0,0,0.0,732.0,1296.999999999968,-8.641838,-5.535552962179705,0.021,-5.353956
64,P01,2,25,TRAIN,cont_asymptote,-1,0,-1,0.0,0,0.0,653.0,1754.9999999999175,-6.993642,-5.127027108860407,0.021,-3.556863
65,P01,2,26,TRAIN,cont_asymptote,-1,0,-1,0.0,0,0.0,630.0,1256.9999999999723,-8.767981,-5.53555764744907,0.021,-5.353956
66,P01,2,27,TRAIN,cont_asymptote,-1,0,-1,0.0,0,0.0,608.0,2360.999999999851,-5.872328,-4.748459645831838,0.021,-2.434899
67,P01,2,28,TRAIN,cont_asymptote,-1,0,-1,0.0,0,0.0,520.0,3235.9999999997544,-5.003164,-4.356879705499708,0.021,-1.645168
68,P01,2,29,TRAIN,cont_asymptote,1,1,1,1.0,0,1.0,1284.0,2644.99999999982,2.102043,5.535558271656376,0.021,5.353956
69,P01,2,30,TRAIN,cont_asymptote,1,1,1,1.0,0,1.0,597.0,1769.9999999999159,6.777281,5.447846578064231,0.021,4.903863
70,P01,2,31,TEST,cont_asymptote,1,1,1,1.0,0,1.0,625.0,1734.9999999999197,7.056866,5.152728211028861,0.021,3.649547
71,P01,2,32,TEST,cont_asymptote,1,1,1,1.0,0,1.0,1314.0,2808.9999999998017,5.356414,4.521869395293045,0.021,1.940681
72,P01,2,33,TEST,cont_asymptote,1,1,1,1.0,0,1.0,744.0,1318.9999999999654,8.529467,5.511115280854653,0.021,5.224597
73,P01,2,34,TEST,cont_asymptote,1,1,1,1.0,0,1.0,1733.0,656.0000000000005,3.744987,3.501829896234719,0.021,0.308859
74,P01,2,35,TEST,cont_asymptote,1,1,1,1.0,0,1.0,685.0,1635.9999999999307,7.397815,5.363748583824051,0.021,4.507985
75,P01,2,36,TEST,cont_asymptote,1,1,1,1.0,0,1.0,593.0,1359.9999999999611,8.284523,5.439093865093419,0.021,4.861194
77,P01,2,38,TEST,cont_asymptote,-1,1,0,,1,,713.0,5000.000000000005,-0.943035,-3.2250505818427437,0.041,-1.137463
78,P01,2,39,TEST,cont_asymptote,1,1,0,,1,,747.0,5000.000000000005,-0.398495,1.3891694145562739,0.031,0.477975
79,P01,2,40,TEST,cont_asymptote,1,1,1,1.0,0,1.0,519.0,3331.999999999744,2.726036,4.6004235800858275,0.031,3.099226
80,P01,3,1,TRAIN,cont_asymptote,1,0,0,,1,,698.0,5000.000000000005,1.187286,5.661066407737807,0.001,1.187286
81,P01,3,2,TRAIN,cont_asymptote,-1,0,-1,0.0,0,0.0,998.0,1057.9999999999943,-4.47239,-1.717786550024558,0.991,-5.353956
82,P01,3,3,TRAIN,cont_asymptote,-1,0,-1,0.0,0,0.0,805.0,1470.9999999999488,-7.348429,-2.619559906963238,0.391,-5.353956
83,P01,3,4,TRAIN,cont_asymptote,-1,0,-1,0.0,0,0.0,700.0,1418.9999999999545,-7.429462,-2.9830471567607826,0.271,-5.353956
84,P01,3,5,TRAIN,cont_asymptote,1,1,1,1.0,0,1.0,865.0,656.0000000000005,0.149804,1.1712370745922922,0.781,2.225703
85,P01,3,6,TRAIN,cont_asymptote,1,1,1,1.0,0,1.0,747.0,4436.999999999816,1.531655,1.25012995976079,0.441,1.415193
86,P01,3,7,TRAIN,cont_asymptote,-1,1,-1,0.0,0,0.0,622.0,4162.999999999725,0.814423,-0.24511251805366185,0.581,-0.287975
87,P01,3,8,TRAIN,cont_asymptote,1,1,1,1.0,0,1.0,610.0,4021.999999999678,2.028932,0.9970873956854496,0.601,1.409041
88,P01,3,9,TRAIN,cont_asymptote,1,1,1,1.0,0,1.0,610.0,3394.999999999737,3.340077,1.3241438288395546,0.561,1.962525
89,P01,3,10,TRAIN,cont_asymptote,1,1,1,1.0,0,1.0,549.0,3739.999999999699,3.558764,1.2926616683513992,0.511,1.723602
90,P01,3,11,TRAIN,cont_asymptote,1,1,1,1.0,0,1.0,558.0,1594.9999999999352,6.924859,2.297821762528259,0.511,5.046169
91,P01,3,12,TRAIN,cont_asymptote,1,1,1,1.0,0,1.0,431.0,4550.9999999998545,3.347965,1.1820191140533585,0.431,1.275118
92,P01,3,13,TRAIN,cont_asymptote,1,1,1,1.0,0,1.0,519.0,1683.9999999999254,6.47667,2.40552429633328,0.421,4.639804
93,P01,3,14,TRAIN,cont_asymptote,1,0,-1,0.0,0,0.0,491.0,4827.999999999947,-0.282398,-3.4972906147208045,0.071,-2.350907
94,P01,3,15,TRAIN,cont_asymptote,-1,0,-1,0.0,0,0.0,877.0,3709.9999999997026,-2.545752,-3.239603817763701,0.091,-2.326622
95,P01,3,16,TRAIN,cont_asymptote,-1,0,-1,0.0,0,0.0,414.0,4977.999999999997,-2.868626,-2.7502365341765227,0.081,-1.26568
96,P01,3,17,TRAIN,cont_asymptote,-1,1,1,1.0,0,0.0,462.0,2264.9999999998618,3.641143,4.649203079641978,0.051,5.353956
98,P01,3,19,TRAIN,cont_asymptote,-1,0,-1,0.0,0,0.0,850.0,3673.9999999997062,-1.103595,-3.795651778207372,0.071,-3.17042
99,P01,3,20,TRAIN,cont_asymptote,1,1,1,1.0,0,1.0,954.0,2148.9999999998745,4.091436,4.23357543440442,0.071,4.916102
100,P01,3,21,TRAIN,cont_asymptote,1,1,1,1.0,0,1.0,1345.0,656.0000000000005,2.538444,2.283982466761445,0.071,0.581431
101,P01,3,22,TRAIN,cont_asymptote,1,1,1,1.0,0,1.0,714.0,1489.9999999999468,6.811967,4.291886266676645,0.071,5.211775
102,P01,3,23,TRAIN,cont_asymptote,1,1,1,1.0,0,1.0,611.0,2102.9999999998795,5.121625,3.7569052923277324,0.071,3.049696
103,P01,3,24,TRAIN,cont_asymptote,-1,0,-1,0.0,0,0.0,1012.0,2741.999999999809,-2.30669,-4.109421459053006,0.071,-4.341324
104,P01,3,25,TRAIN,cont_asymptote,-1,0,-1,0.0,0,0.0,685.0,656.0000000000005,-1.795237,-1.6842160416600418,0.071,-0.288776
105,P01,3,26,TRAIN,cont_asymptote,-1,0,-1,0.0,0,0.0,653.0,1542.9999999999409,-6.609094,-4.31877705647513,0.071,-5.353956
106,P01,3,27,TRAIN,cont_asymptote,-1,0,-1,0.0,0,0.0,610.0,2965.9999999997844,-4.035444,-3.318779184264346,0.071,-1.965447
107,P01,3,28,TRAIN,cont_asymptote,1,1,1,1.0,0,1.0,894.0,4515.999999999843,0.444201,3.268270270959183,0.091,2.394558
109,P01,3,30,TRAIN,cont_asymptote,1,1,1,1.0,0,1.0,656.0,1925.9999999998986,5.519439,3.6366532097507442,0.091,3.464969
110,P01,3,31,TEST,cont_asymptote,1,1,1,1.0,0,1.0,1165.0,4173.999999999729,3.104382,2.4552541102007193,0.091,1.054911
111,P01,3,32,TEST,cont_asymptote,-1,0,0,,1,,1824.0,5000.000000000005,0.054897,-2.6524184175180023,0.121,-1.724342
112,P01,3,33,TEST,cont_asymptote,-1,0,-1,0.0,0,0.0,790.0,1743.9999999999188,-5.31125,-3.786524802510543,0.121,-5.353956
113,P01,3,34,TEST,cont_asymptote,-1,0,-1,0.0,0,0.0,837.0,2982.9999999997826,-4.113967,-2.8408157320207454,0.121,-2.071553
114,P01,3,35,TEST,cont_asymptote,-1,1,-1,0.0,0,0.0,787.0,656.0000000000005,-2.250246,-1.6245891677333295,0.121,-0.290645
115,P01,3,36,TEST,cont_asymptote,-1,0,-1,0.0,0,0.0,732.0,1458.9999999999502,-6.835692,-3.786532924360141,0.121,-5.353956
116,P01,3,37,TEST,cont_asymptote,-1,1,-1,0.0,0,0.0,684.0,656.0000000000005,-2.326643,-1.7596497159708484,0.111,-0.254512
117,P01,3,38,TEST,cont_asymptote,-1,0,-1,0.0,0,0.0,700.0,2499.999999999836,-4.412986,-3.260434054175405,0.111,-2.897962
118,P01,3,39,TEST,cont_asymptote,-1,0,-1,0.0,0,0.0,701.0,1354.9999999999616,-7.343401,-3.872629649713873,0.111,-5.353956
119,P01,3,40,TEST,cont_asymptote,-1,0,-1,0.0,0,0.0,587.0,1335.9999999999636,-7.429437,-3.872630116681421,0.111,-5.353956
120,P01,4,1,TRAIN,cont_asymptote,1,1,1,1.0,0,1.0,783.0,3167.999999999762,4.13596,8.319160760287776,0.001,4.13596
121,P01,4,2,TRAIN,cont_asymptote,1,1,0,,1,,700.0,5000.000000000005,1.912347,7.155166378315665,0.001,1.318223
122,P01,4,3,TRAIN,cont_asymptote,1,1,1,1.0,0,1.0,775.0,2620.999999999822,4.733783,8.35425125124958,0.001,4.283771
123,P01,4,4,TRAIN,cont_asymptote,1,1,0,,1,,790.0,5000.000000000005,0.996169,5.637616145675202,0.001,0.392906
124,P01,4,5,TRAIN,cont_asymptote,1,1,0,,1,,685.0,5000.000000000005,1.191997,5.322639077108184,0.001,0.91573
125,P01,4,6,TRAIN,cont_asymptote,1,0,0,,1,,520.0,5000.000000000005,1.727227,6.928393667373149,0.001,1.406115
126,P01,4,7,TRAIN,cont_asymptote,-1,1,0,,1,,1854.0,5000.000000000005,1.226112,1.0214553090638316,0.331,0.803872
127,P01,4,8,TRAIN,cont_asymptote,-1,0,-1,0.0,0,0.0,835.0,1870.9999999999047,-4.329141,-2.6465202798901517,0.331,-4.657644
128,P01,4,9,TRAIN,cont_asymptote,-1,0,-1,0.0,0,0.0,581.0,1592.9999999999354,-5.406363,-2.6780978745728254,0.331,-4.80869
129,P01,4,10,TRAIN,cont_asymptote,-1,0,-1,0.0,0,0.0,848.0,1921.999999999899,-4.47678,-2.4631512034684846,0.331,-3.867973
130,P01,4,11,TRAIN,cont_asymptote,1,1,1,1.0,0,1.0,895.0,2738.9999999998095,2.454983,2.147173663229928,0.361,3.054955
131,P01,4,12,TRAIN,cont_asymptote,1,1,1,1.0,0,1.0,595.0,3762.9999999996967,2.256904,1.6944572048369178,0.331,1.744219
132,P01,4,13,TRAIN,cont_asymptote,1,0,1,1.0,0,1.0,654.0,2326.999999999855,3.665675,2.268724324524126,0.331,3.172887
133,P01,4,14,TRAIN,cont_asymptote,1,1,1,1.0,0,1.0,655.0,4030.9999999996808,2.125686,1.6690681615272673,0.301,1.543522
134,P01,4,15,TRAIN,cont_asymptote,1,1,0,,1,,656.0,5000.000000000005,1.251935,1.1501701143074055,0.271,0.774145
135,P01,4,16,TRAIN,cont_asymptote,1,1,1,1.0,0,1.0,529.0,1513.999999999944,5.687967,2.983039244957663,0.271,5.353956
136,P01,4,17,TRAIN,cont_asymptote,-1,0,-1,0.0,0,0.0,939.0,2943.9999999997867,-2.403205,-2.3443659831056523,0.291,-3.013439
137,P01,4,18,TRAIN,cont_asymptote,1,1,1,1.0,0,1.0,803.0,3310.9999999997463,2.05708,2.153893332303023,0.301,2.564866
138,P01,4,19,TRAIN,cont_asymptote,1,1,1,1.0,0,1.0,722.0,4744.999999999919,1.76469,1.5387064094706087,0.291,1.295361
139,P01,4,20,TRAIN,cont_asymptote,1,1,1,1.0,0,1.0,624.0,1612.9999999999332,5.307547,2.8201767754603275,0.291,4.879399
140,P01,4,21,TRAIN,cont_asymptote,1,1,1,1.0,0,1.0,566.0,1429.9999999999534,5.96216,2.912308381106623,0.291,5.353956
141,P01,4,22,TRAIN,cont_asymptote,1,0,1,1.0,0,1.0,1239.0,4617.999999999877,1.302222,1.0916818827698571,0.261,0.690933
142,P01,4,23,TRAIN,cont_asymptote,-1,0,0,,1,,1135.0,5000.000000000005,-0.895541,-1.4655090916553852,0.301,-1.24007
143,P01,4,24,TRAIN,cont_asymptote,-1,0,-1,0.0,0,0.0,668.0,2591.9999999998254,-3.20566,-2.2917346694680547,0.301,-2.953982
144,P01,4,25,TRAIN,cont_asymptote,1,1,1,1.0,0,1.0,895.0,2371.99999999985,3.185177,2.493834835016261,0.311,3.749239
145,P01,4,26,TRAIN,cont_asymptote,1,1,1,1.0,0,1.0,580.0,1842.999999999908,4.641347,2.5768342280200454,0.311,4.078283
146,P01,4,27,TRAIN,cont_asymptote,-1,0,-1,0.0,0,0.0,865.0,1874.9999999999043,-4.300028,-2.7588958497496554,0.311,-4.902201
147,P01,4,28,TRAIN,cont_asymptote,-1,1,0,,1,,1869.0,5000.000000000005,-0.000377,0.9137008822048605,0.261,0.596803
148,P01,4,29,TRAIN,cont_asymptote,1,1,1,1.0,0,1.0,893.0,1619.9999999999325,5.353844,3.0204201777437634,0.261,5.353956
149,P01,4,30,TRAIN,cont_asymptote,-1,0,-1,0.0,0,0.0,821.0,3012.999999999779,-2.355648,-2.3624957140419784,0.281,-2.964141
150,P01,4,31,TEST,cont_asymptote,1,1,0,,1,,1271.0,5000.000000000005,0.229502,0.979004424141866,0.311,0.732603
151,P01,4,32,TEST,cont_asymptote,-1,0,-1,0.0,0,0.0,954.0,3308.9999999997467,-2.306741,-2.07919681136504,0.301,-2.37486
152,P01,4,33,TEST,cont_asymptote,1,1,1,1.0,0,1.0,999.0,4892.999999999969,1.041725,1.5790214467589667,0.331,1.539819
153,P01,4,34,TEST,cont_asymptote,1,1,1,1.0,0,1.0,714.0,1560.9999999999388,5.484904,2.7551640313144024,0.331,5.197843
154,P01,4,35,TEST,cont_asymptote,1,1,1,1.0,0,1.0,578.0,1981.9999999998925,4.341982,2.428126820803741,0.331,3.732736
155,P01,4,36,TEST,cont_asymptote,-1,1,0,,1,,1046.0,5000.000000000005,-0.396738,-1.0970942071886134,0.371,-0.994625
156,P01,4,37,TEST,cont_asymptote,-1,0,-1,0.0,0,0.0,954.0,2416.999999999845,-3.332034,-2.1703332299720435,0.371,-3.2152
157,P01,4,38,TEST,cont_asymptote,-1,0,-1,0.0,0,0.0,685.0,1806.9999999999118,-4.798994,-2.4387358469574503,0.371,-4.229171
158,P01,4,39,TEST,cont_asymptote,-1,0,0,,1,,595.0,5000.000000000005,-1.454456,-1.0213482410281502,0.351,-0.850482
159,P01,4,40,TEST,cont_asymptote,-1,0,-1,0.0,0,0.0,638.0,1500.9999999999454,-5.728612,-2.726355573587963,0.351,-5.353956
160,P02,1,1,TRAIN,cont_asymptote,1,1,1,1.0,0,1.0,383.0,943.0000000000007,11.135816,5.1943400669123845,0.061,11.051806
161,P02,1,15,TRAIN,cont_asymptote,1,1,1,1.0,0,1.0,379.0,729.0000000000006,10.279085,5.130070770966978,0.061,10.363132
162,P02,1,16,TRAIN,cont_asymptote,1,1,1,1.0,0,1.0,424.0,692.0000000000005,10.909356,5.18905218542521,0.061,10.9934
163,P02,1,17,TRAIN,cont_asymptote,1,0,1,1.0,0,1.0,517.0,2929.9999999997885,1.838197,3.6265018180293214,0.051,1.922244
164,P02,1,18,TRAIN,cont_asymptote,1,1,1,1.0,0,1.0,412.0,698.0000000000005,13.025981,5.542039026191512,0.051,13.086939
165,P02,1,19,TRAIN,cont_asymptote,1,1,1,1.0,0,1.0,456.0,2458.9999999998404,2.316083,4.065936209057084,0.041,2.400132
166,P02,1,20,TRAIN,cont_asymptote,1,1,1,1.0,0,1.0,381.0,1848.9999999999072,4.248536,4.652302710575776,0.041,4.317477
167,P02,1,21,TRAIN,cont_asymptote,1,1,1,1.0,0,1.0,428.0,4225.999999999746,1.22674,3.7394092862640522,0.031,1.308419
168,P02,1,22,TRAIN,cont_asymptote,1,1,1,1.0,0,1.0,463.0,1064.9999999999934,9.046331,5.675533136096054,0.031,9.092244
169,P02,1,23,TRAIN,cont_asymptote,-1,0,-1,0.0,0,0.0,398.0,1376.999999999959,-10.457131,-5.807203088637147,0.031,-10.373102
170,P02,1,24,TRAIN,cont_asymptote,-1,0,-1,0.0,0,0.0,381.0,1446.9999999999513,-4.47785,-4.9865819340194655,0.031,-4.561895
171,P02,1,25,TRAIN,cont_asymptote,1,0,1,1.0,0,1.0,351.0,2326.999999999855,5.136007,4.129589443726383,0.081,5.053847
172,P02,1,26,TRAIN,cont_asymptote,-1,0,-1,0.0,0,0.0,366.0,1053.9999999999948,-11.991555,-4.98562400596385,0.081,-11.908489
173,P02,1,27,TRAIN,cont_asymptote,1,1,1,1.0,0,1.0,509.0,1819.9999999999104,6.611376,4.2688417916651415,0.091,6.527328
174,P02,1,28,TRAIN,cont_asymptote,1,1,1,1.0,0,1.0,415.0,675.0000000000005,11.428691,4.835569913333658,0.091,11.512514
175,P02,1,29,TRAIN,cont_asymptote,1,1,1,1.0,0,1.0,408.0,1307.9999999999668,5.330252,4.082145526152348,0.091,5.414299
176,P02,1,30,TRAIN,cont_asymptote,-1,0,-1,0.0,0,0.0,408.0,945.0000000000007,-13.236088,-4.9686139419577975,0.091,-13.152849
177,P02,1,31,TEST,cont_asymptote,1,1,1,1.0,0,1.0,363.0,976.0000000000008,12.849041,4.938765709779014,0.091,12.764991
178,P02,1,32,TEST,cont_asymptote,-1,1,1,1.0,0,0.0,368.0,3553.9999999997194,1.77542,1.341557064150847,0.521,1.859469
179,P02,1,33,TEST,cont_asymptote,1,1,1,1.0,0,1.0,392.0,592.0000000000005,15.148829,3.371693640501021,0.521,15.208509
180,P02,1,34,TEST,cont_asymptote,1,1,1,1.0,0,1.0,404.0,777.0000000000006,11.222455,3.076421084168618,0.521,11.306505
181,P02,1,35,TEST,cont_asymptote,-1,0,-1,0.0,0,0.0,391.0,725.0000000000006,-12.0433,-3.1322953349519134,0.521,-11.959252
182,P02,1,36,TEST,cont_asymptote,-1,0,-1,0.0,0,0.0,379.0,733.0000000000006,-11.973034,-3.140381568473336,0.521,-12.057083
183,P02,1,37,TEST,cont_asymptote,1,1,1,1.0,0,1.0,412.0,915.0000000000007,9.328974,2.876379235740107,0.521,9.244925
184,P02,1,38,TEST,cont_asymptote,-1,0,-1,0.0,0,0.0,368.0,1708.9999999999227,-4.645879,-2.1803526733565213,0.521,-4.561845
185,P02,1,39,TEST,cont_asymptote,1,1,1,1.0,0,1.0,379.0,904.0000000000007,9.452979,2.889774230089209,0.521,9.37053
186,P02,1,40,TEST,cont_asymptote,1,1,1,1.0,0,1.0,410.0,1470.9999999999488,5.46618,2.3721671800084443,0.521,5.550216
187,P02,2,1,TRAIN,cont_asymptote,-1,0,-1,0.0,0,0.0,422.0,913.0000000000007,-15.625,-9.647069045337581,0.001,-15.625
188,P02,2,2,TRAIN,cont_asymptote,-1,0,-1,0.0,0,0.0,440.0,1045.9999999999957,-6.349392,-8.702677823650545,0.001,-6.07162
189,P02,2,3,TRAIN,cont_asymptote,-1,0,-1,0.0,0,0.0,426.0,597.0000000000005,-14.056086,-9.521412226915738,0.001,-13.779296
190,P02,2,4,TRAIN,cont_asymptote,-1,0,-1,0.0,0,0.0,506.0,949.0000000000007,-7.103784,-8.819700315674185,0.001,-6.826012
191,P02,2,5,TRAIN,cont_asymptote,1,1,1,1.0,0,1.0,627.0,229.00000000000017,2.137084,1.364131153694016,0.831,2.414394
192,P02,2,6,TRAIN,cont_asymptote,1,1,1,1.0,0,1.0,472.0,4033.9999999996817,1.789853,1.3600970712899276,0.431,1.571247
193,P02,2,7,TRAIN,cont_asymptote,1,1,1,1.0,0,1.0,427.0,825.0000000000006,10.623264,3.1844513098389466,0.431,10.42561
194,P02,2,8,TRAIN,cont_asymptote,1,1,1,1.0,0,1.0,407.0,1595.999999999935,5.194031,2.4624665157712986,0.421,4.916272
195,P02,2,9,TRAIN,cont_asymptote,1,1,1,1.0,0,1.0,395.0,1419.9999999999543,5.890117,2.5936257882470812,0.421,5.61545
196,P02,2,10,TRAIN,cont_asymptote,1,1,1,1.0,0,1.0,457.0,842.0000000000007,10.331242,3.1717785577219613,0.421,10.055022
197,P02,2,11,TRAIN,cont_asymptote,1,1,1,1.0,0,1.0,407.0,1266.9999999999714,6.660858,2.7203873560201126,0.421,6.383104
198,P02,2,12,TRAIN,cont_asymptote,-1,0,-1,0.0,0,0.0,455.0,835.0000000000007,-10.702729,-3.259384701380823,0.421,-10.979782
199,P02,2,13,TRAIN,cont_asymptote,-1,0,-1,0.0,0,0.0,440.0,573.0000000000005,-15.644181,-3.5945084350002037,0.421,-15.366422
200,P02,2,14,TRAIN,cont_asymptote,-1,0,-1,0.0,0,0.0,424.0,1199.9999999999786,-7.05877,-2.780300279883414,0.421,-6.780998
201,P02,2,15,TRAIN,cont_asymptote,-1,0,-1,0.0,0,0.0,423.0,979.0000000000008,-8.790543,-3.0061958632126444,0.421,-8.513254
202,P02,2,16,TRAIN,cont_asymptote,1,1,1,1.0,0,1.0,612.0,2291.9999999998586,3.145408,2.0205457229694064,0.461,3.423095
203,P02,2,17,TRAIN,cont_asymptote,1,1,1,1.0,0,1.0,578.0,1040.9999999999961,8.314023,2.8616106086673,0.461,8.059439
204,P02,2,18,TRAIN,cont_asymptote,1,1,1,1.0,0,1.0,455.0,1329.9999999999643,6.372796,2.6066049418151254,0.451,6.095162
205,P02,2,19,TRAIN,cont_asymptote,1,1,1,1.0,0,1.0,360.0,1052.9999999999948,8.191413,2.8653611477985397,0.451,7.914599
206,P02,2,20,TRAIN,cont_asymptote,-1,0,-1,0.0,0,0.0,409.0,949.0000000000007,-9.070753,-3.0308006743473803,0.451,-9.348369
207,P02,2,21,TRAIN,cont_asymptote,-1,0,-1,0.0,0,0.0,418.0,959.0000000000008,-9.065733,-2.9693523570142197,0.451,-8.788025
208,P02,2,22,TRAIN,cont_asymptote,-1,0,-1,0.0,0,0.0,457.0,726.0000000000006,-12.225205,-3.274980951743707,0.451,-11.947498
209,P02,2,23,TRAIN,cont_asymptote,-1,0,-1,0.0,0,0.0,505.0,1406.999999999956,-5.999647,-2.5441986166896386,0.451,-5.721877
210,P02,2,24,TRAIN,cont_asymptote,-1,0,-1,0.0,0,0.0,408.0,868.0000000000007,-10.081609,-3.0782347535207313,0.451,-9.805228
211,P02,2,25,TRAIN,cont_asymptote,-1,0,-1,0.0,0,0.0,348.0,764.0000000000006,-11.569702,-3.2187666299060806,0.451,-11.291953
212,P02,2,26,TRAIN,cont_asymptote,-1,0,-1,0.0,0,0.0,437.0,1809.9999999999116,-4.559254,-2.281179494984897,0.441,-4.281487
213,P02,2,27,TRAIN,cont_asymptote,-1,0,-1,0.0,0,0.0,380.0,776.0000000000006,-11.341897,-3.2213115739280163,0.441,-11.069952
214,P02,2,28,TRAIN,cont_asymptote,-1,0,-1,0.0,0,0.0,350.0,743.0000000000006,-11.884878,-3.268510466251432,0.441,-11.607113
215,P02,2,29,TRAIN,cont_asymptote,-1,0,-1,0.0,0,0.0,367.0,909.0000000000007,-9.574347,-3.047571387164093,0.441,-9.296578
216,P02,2,30,TRAIN,cont_asymptote,1,1,1,1.0,0,1.0,443.0,1028.9999999999975,8.335254,2.9716415926122695,0.441,8.612987
217,P02,2,31,TEST,cont_asymptote,1,1,1,1.0,0,1.0,393.0,1086.9999999999911,7.900159,2.8503130827408554,0.441,7.622522
218,P02,2,32,TEST,cont_asymptote,1,1,1,1.0,0,1.0,473.0,1294.9999999999682,6.540469,2.6556204696727246,0.441,6.262905
219,P02,2,33,TEST,cont_asymptote,1,1,1,1.0,0,1.0,382.0,929.0000000000007,9.349639,3.0233192136644265,0.441,9.072678
220,P02,2,34,TEST,cont_asymptote,1,1,1,1.0,0,1.0,428.0,1696.9999999999238,4.873507,2.37309290753233,0.431,4.595784
221,P02,2,35,TEST,cont_asymptote,1,1,1,1.0,0,1.0,399.0,566.0000000000003,15.898503,3.587734312508538,0.431,15.625
222,P02,2,36,TEST,cont_asymptote,1,1,1,1.0,0,1.0,495.0,824.0000000000006,10.606835,3.1751859506631765,0.431,10.329063
223,P02,2,37,TEST,cont_asymptote,1,1,1,1.0,0,1.0,427.0,1243.9999999999739,6.813374,2.720524567898392,0.431,6.535615
224,P02,2,38,TEST,cont_asymptote,1,1,1,1.0,0,1.0,425.0,1184.9999999999802,7.178452,2.774470212735269,0.431,6.901297
225,P02,2,39,TEST,cont_asymptote,1,1,1,1.0,0,1.0,392.0,723.0000000000006,12.200424,3.3181113580697095,0.431,11.92308
226,P02,2,40,TEST,cont_asymptote,1,1,1,1.0,0,1.0,368.0,617.0000000000005,14.464625,3.491391400355002,0.431,14.186855
227,P02,3,1,TRAIN,cont_asymptote,1,1,1,1.0,0,1.0,449.0,1857.999999999906,7.320388,8.889547007669442,0.001,7.320388
228,P02,3,2,TRAIN,cont_asymptote,1,1,1,1.0,0,1.0,361.0,749.0000000000006,11.027113,9.189284175160438,0.001,9.881781
229,P02,3,3,TRAIN,cont_asymptote,1,1,1,1.0,0,1.0,377.0,706.0000000000006,10.855781,9.171654436646554,0.001,9.708622
230,P02,3,4,TRAIN,cont_asymptote,1,1,1,1.0,0,1.0,336.0,811.0000000000006,9.402842,9.009691261978702,0.001,8.255692
231,P02,3,5,TRAIN,cont_asymptote,1,1,1,1.0,0,1.0,450.0,1293.9999999999684,5.929968,8.46437171889776,0.001,4.782997
232,P02,3,6,TRAIN,cont_asymptote,1,1,1,1.0,0,1.0,427.0,972.0000000000008,9.441108,9.015197832887822,0.001,8.301397
233,P02,3,7,TRAIN,cont_asymptote,1,1,1,1.0,0,1.0,459.0,1618.9999999999325,4.769061,8.186632913443892,0.001,3.622081
234,P02,3,8,TRAIN,cont_asymptote,1,1,1,1.0,0,1.0,353.0,1048.9999999999952,9.780091,9.057064310668611,0.001,8.656576
235,P02,3,9,TRAIN,cont_asymptote,1,1,1,1.0,0,1.0,416.0,838.0000000000007,9.141186,8.977487769983433,0.001,7.994141
236,P02,3,10,TRAIN,cont_asymptote,1,1,1,1.0,0,1.0,432.0,1141.999999999985,6.737468,8.620217245595686,0.001,5.590567
237,P02,3,11,TRAIN,cont_asymptote,1,1,1,1.0,0,1.0,420.0,2044.9999999998859,4.37607,8.072844407622597,0.001,3.232216
238,P02,3,12,TRAIN,cont_asymptote,1,1,1,1.0,0,1.0,356.0,1101.9999999999895,9.671649,9.04577200387275,0.001,8.559298
239,P02,3,13,TRAIN,cont_asymptote,1,1,1,1.0,0,1.0,477.0,571.0000000000003,13.674392,9.426341854898277,0.001,12.527365
240,P02,3,14,TRAIN,cont_asymptote,1,1,1,1.0,0,1.0,365.0,602.0000000000005,12.804956,9.354455127823854,0.001,11.657754
241,P02,3,15,TRAIN,cont_asymptote,1,1,1,1.0,0,1.0,319.0,643.0000000000005,11.944567,9.277833591746855,0.001,10.79737
242,P02,3,16,TRAIN,cont_asymptote,1,1,1,1.0,0,1.0,487.0,2789.9999999998035,2.332653,7.070815172276969,0.001,1.185466
243,P02,3,17,TRAIN,cont_asymptote,1,1,1,1.0,0,1.0,323.0,1688.9999999999247,7.536546,8.789933995065244,0.001,6.625665
244,P02,3,18,TRAIN,cont_asymptote,1,1,1,1.0,0,1.0,320.0,1013.9999999999991,8.015446,8.826063593078088,0.001,6.86975
245,P02,3,19,TRAIN,cont_asymptote,1,1,1,1.0,0,1.0,351.0,1467.999999999949,5.457028,8.360527138638755,0.001,4.310758
246,P02,3,20,TRAIN,cont_asymptote,1,1,1,1.0,0,1.0,394.0,1096.99999999999,8.764699,8.930893005250292,0.001,7.629487
247,P02,3,21,TRAIN,cont_asymptote,1,1,1,1.0,0,1.0,352.0,576.0000000000005,13.722772,9.430182375207725,0.001,12.576009
248,P02,3,22,TRAIN,cont_asymptote,1,1,1,1.0,0,1.0,360.0,1052.9999999999948,7.173367,8.695184312797931,0.001,6.026166
249,P02,3,23,TRAIN,cont_asymptote,-1,1,-1,0.0,0,0.0,929.0,3300.9999999997476,-1.500816,-2.217093026423651,0.291,-2.645852
250,P02,3,24,TRAIN,cont_asymptote,1,1,1,1.0,0,1.0,400.0,932.0000000000007,9.661674,3.5681931228082733,0.291,10.345385
251,P02,3,25,TRAIN,cont_asymptote,1,1,1,1.0,0,1.0,378.0,606.0000000000005,15.070558,3.8646300406912664,0.291,13.923533
252,P02,3,26,TRAIN,cont_asymptote,1,1,1,1.0,0,1.0,474.0,1506.9999999999447,6.162562,2.882145379220185,0.281,5.015357
253,P02,3,27,TRAIN,cont_asymptote,1,1,1,1.0,0,1.0,382.0,1658.9999999999281,5.642421,2.774843300478511,0.281,4.501161
254,P02,3,28,TRAIN,cont_asymptote,1,1,1,1.0,0,1.0,348.0,849.0000000000007,10.702063,3.524854820261002,0.281,9.564834
255,P02,3,29,TRAIN,cont_asymptote,1,1,1,1.0,0,1.0,395.0,1153.9999999999836,7.924949,3.1815866840182276,0.281,6.777808
256,P02,3,30,TRAIN,cont_asymptote,1,1,1,1.0,0,1.0,369.0,856.0000000000007,10.605327,3.5137485819171412,0.281,9.459146
257,P02,3,31,TEST,cont_asymptote,-1,0,-1,0.0,0,0.0,542.0,1248.9999999999732,-6.72139,-3.3302128459712455,0.281,-7.868525
258,P02,3,32,TEST,cont_asymptote,1,1,1,1.0,0,1.0,409.0,984.0000000000008,9.055769,3.5889194607351382,0.281,10.199569
259,P02,3,33,TEST,cont_asymptote,1,1,1,1.0,0,1.0,472.0,684.0000000000005,13.278698,3.7620172490333545,0.281,12.131824
260,P02,3,34,TEST,cont_asymptote,1,1,1,1.0,0,1.0,342.0,1163.9999999999825,7.86054,3.1720748442821574,0.281,6.71334
261,P02,3,35,TEST,cont_asymptote,1,1,1,1.0,0,1.0,413.0,619.0000000000005,14.703122,3.8728941086107374,0.281,13.557009
262,P02,3,36,TEST,cont_asymptote,1,1,1,1.0,0,1.0,386.0,860.0000000000007,10.567203,3.5096422824576683,0.281,9.419999
263,P02,3,37,TEST,cont_asymptote,1,1,1,1.0,0,1.0,443.0,648.0000000000005,14.028288,3.8218376893517254,0.281,12.881156
264,P02,3,38,TEST,cont_asymptote,1,1,1,1.0,0,1.0,408.0,704.0000000000006,12.908801,3.731115253015762,0.281,11.761599
265,P02,3,39,TEST,cont_asymptote,1,1,1,1.0,0,1.0,337.0,3940.999999999677,2.67434,1.8685083960726732,0.241,1.527142
266,P02,3,40,TEST,cont_asymptote,1,1,1,1.0,0,1.0,324.0,767.0000000000006,11.797811,3.8015776063095954,0.241,10.825466
267,P02,4,1,TRAIN,cont_asymptote,-1,0,-1,0.0,0,0.0,544.0,992.0000000000008,-14.304465,-9.558860438133248,0.001,-14.304465
268,P02,4,2,TRAIN,cont_asymptote,-1,0,-1,0.0,0,0.0,422.0,807.0000000000006,-7.938774,-9.010849143649944,0.001,-8.265654
269,P02,4,3,TRAIN,cont_asymptote,-1,0,-1,0.0,0,0.0,406.0,715.0000000000006,-9.751741,-9.208995372946019,0.001,-10.078384
270,P02,4,4,TRAIN,cont_asymptote,-1,0,-1,0.0,0,0.0,504.0,600.0000000000005,-11.486366,-9.367660410677868,0.001,-11.813207
271,P02,4,5,TRAIN,cont_asymptote,-1,0,-1,0.0,0,0.0,465.0,614.0000000000005,-11.083571,-9.333022140796938,0.001,-11.410444
272,P02,4,6,TRAIN,cont_asymptote,-1,0,-1,0.0,0,0.0,377.0,1084.9999999999914,-5.504425,-8.662342225689219,0.001,-5.831295
273,P02,4,7,TRAIN,cont_asymptote,-1,0,-1,0.0,0,0.0,398.0,588.0000000000005,-14.89338,-9.620695568838693,0.001,-15.217564
274,P02,4,8,TRAIN,cont_asymptote,-1,0,-1,0.0,0,0.0,338.0,802.0000000000006,-8.000634,-9.018307629738416,0.001,-8.327514
275,P02,4,9,TRAIN,cont_asymptote,-1,0,-1,0.0,0,0.0,354.0,486.0000000000004,-15.298343,-9.647016964522255,0.001,-15.625
276,P02,4,10,TRAIN,cont_asymptote,-1,0,-1,0.0,0,0.0,354.0,467.00000000000034,-15.29812,-9.647099591400025,0.001,-15.625
277,P02,4,11,TRAIN,cont_asymptote,-1,0,-1,0.0,0,0.0,349.0,539.0000000000003,-12.900392,-9.480565822798706,0.001,-13.227271
278,P02,4,12,TRAIN,cont_asymptote,-1,0,-1,0.0,0,0.0,415.0,671.0000000000005,-9.94192,-9.227660577614163,0.001,-10.268798
279,P02,4,13,TRAIN,cont_asymptote,1,1,1,1.0,0,1.0,424.0,1197.9999999999789,10.979268,5.005896595999401,0.071,10.65242
280,P02,4,14,TRAIN,cont_asymptote,1,1,1,1.0,0,1.0,352.0,624.0000000000005,12.099584,5.159811869807812,0.071,12.426453
281,P02,4,15,TRAIN,cont_asymptote,1,1,1,1.0,0,1.0,357.0,755.0000000000006,9.693371,4.944811586299786,0.071,10.020247
282,P02,4,16,TRAIN,cont_asymptote,1,1,1,1.0,0,1.0,331.0,533.0000000000003,14.501153,5.336308361941432,0.071,14.827992
283,P02,4,17,TRAIN,cont_asymptote,1,1,1,1.0,0,1.0,465.0,1257.9999999999723,5.171318,4.675770343146847,0.051,5.498198
284,P02,4,18,TRAIN,cont_asymptote,-1,0,-1,0.0,0,0.0,384.0,1333.9999999999638,-8.449055,-3.8577421653662127,0.171,-8.12593
285,P02,4,19,TRAIN,cont_asymptote,1,1,1,1.0,0,1.0,399.0,1232.999999999975,8.920485,3.7523073641582805,0.201,8.593747
286,P02,4,20,TRAIN,cont_asymptote,1,1,1,1.0,0,1.0,442.0,739.0000000000006,10.520269,3.984700736217214,0.201,10.84706
287,P02,4,21,TRAIN,cont_asymptote,1,1,1,1.0,0,1.0,452.0,1608.9999999999336,4.034528,3.502749876046215,0.131,4.36139
288,P02,4,22,TRAIN,cont_asymptote,1,1,1,1.0,0,1.0,573.0,1021.9999999999983,7.153201,4.039528201694164,0.131,7.468522
289,P02,4,23,TRAIN,cont_asymptote,-1,0,-1,0.0,0,0.0,398.0,1268.9999999999711,-9.131187,-4.0620332994286255,0.151,-8.804827
290,P02,4,24,TRAIN,cont_asymptote,-1,0,-1,0.0,0,0.0,449.0,2646.9999999998195,-1.94703,-3.464055171429578,0.071,-2.273838
291,P02,4,25,TRAIN,cont_asymptote,1,1,1,1.0,0,1.0,352.0,903.0000000000007,13.484059,5.223145225460486,0.071,13.239772
292,P02,4,26,TRAIN,cont_asymptote,-1,0,-1,0.0,0,0.0,368.0,1318.9999999999654,-9.935781,-4.902915296736778,0.071,-9.608902
293,P02,4,27,TRAIN,cont_asymptote,-1,0,-1,0.0,0,0.0,373.0,1213.999999999977,-5.494933,-4.402428199719224,0.071,-5.82178
294,P02,4,28,TRAIN,cont_asymptote,-1,0,-1,0.0,0,0.0,410.0,581.0000000000005,-13.257416,-5.2486338518963205,0.071,-13.581575
295,P02,4,29,TRAIN,cont_asymptote,-1,0,-1,0.0,0,0.0,367.0,750.0000000000006,-9.775119,-4.952948670445248,0.071,-10.101998
296,P02,4,30,TRAIN,cont_asymptote,1,1,1,1.0,0,1.0,423.0,1601.9999999999343,7.816935,4.406239886218783,0.091,7.490093
297,P02,4,31,TEST,cont_asymptote,-1,1,-1,0.0,0,0.0,527.0,3822.99999999969,-1.64893,-0.974673044265369,0.581,-1.322319
298,P02,4,32,TEST,cont_asymptote,1,1,1,1.0,0,1.0,440.0,1260.999999999972,6.454258,2.379196054129966,0.581,6.233863
299,P02,4,33,TEST,cont_asymptote,1,1,1,1.0,0,1.0,382.0,1257.9999999999723,6.413942,2.455926693945499,0.581,6.739776
300,P02,4,34,TEST,cont_asymptote,1,1,1,1.0,0,1.0,440.0,636.0000000000005,14.035801,3.206026116695122,0.581,14.361592
301,P02,4,35,TEST,cont_asymptote,1,1,1,1.0,0,1.0,427.0,890.0000000000007,9.597408,2.838584905153648,0.581,9.924287
302,P02,4,36,TEST,cont_asymptote,1,1,1,1.0,0,1.0,379.0,909.0000000000007,9.356941,2.814220144244966,0.581,9.683776
303,P02,4,37,TEST,cont_asymptote,1,1,1,1.0,0,1.0,348.0,1536.9999999999416,5.043145,2.2331062824087105,0.581,5.369967
304,P02,4,38,TEST,cont_asymptote,1,1,1,1.0,0,1.0,411.0,997.0000000000008,8.415171,2.7123425269158052,0.581,8.737786
305,P02,4,39,TEST,cont_asymptote,1,1,1,1.0,0,1.0,331.0,707.0000000000006,12.460396,3.09043946348422,0.581,12.787129
306,P02,4,40,TEST,cont_asymptote,1,1,1,1.0,0,1.0,348.0,945.0000000000007,8.951739,2.7718465606651446,0.581,9.278616
307,P03,1,1,TRAIN,cont_asymptote,-1,0,-1,0.0,0,0.0,1652.0,3009.9999999997794,-4.369228,-8.373980374073868,0.001,-4.369228
308,P03,1,2,TRAIN,cont_asymptote,-1,0,-1,0.0,0,0.0,709.0,820.0000000000006,-14.96763,-9.371463524751926,0.001,-11.858386
309,P03,1,3,TRAIN,cont_asymptote,-1,0,-1,0.0,0,0.0,368.0,562.0000000000003,-16.046441,-9.432358502122081,0.001,-12.604174
310,P03,1,4,TRAIN,cont_asymptote,-1,0,-1,0.0,0,0.0,1199.0,956.0000000000007,-10.203362,-8.810122049101055,0.001,-6.761088
311,P03,1,5,TRAIN,cont_asymptote,-1,0,-1,0.0,0,0.0,536.0,971.0000000000008,-10.137289,-8.800536168276496,0.001,-6.696168
312,P03,1,6,TRAIN,cont_asymptote,-1,0,-1,0.0,0,0.0,585.0,649.0000000000005,-14.195713,-9.273886911858416,0.001,-10.75467
313,P03,1,7,TRAIN,cont_asymptote,-1,0,-1,0.0,0,0.0,358.0,996.0000000000008,-9.885909,-8.762117176126214,0.001,-6.443653
314,P03,1,8,TRAIN,cont_asymptote,-1,0,-1,0.0,0,0.0,363.0,756.0000000000006,-12.457467,-9.097780713500768,0.001,-9.016778
315,P03,1,9,TRAIN,cont_asymptote,-1,0,-1,0.0,0,0.0,412.0,1351.9999999999618,-7.888139,-8.391374970988563,0.001,-4.445983
316,P03,1,10,TRAIN,cont_asymptote,-1,0,-1,0.0,0,0.0,369.0,489.0000000000004,-19.012957,-9.644261777822441,0.001,-15.582326
317,P03,1,11,TRAIN,cont_asymptote,1,1,1,1.0,0,1.0,620.0,1268.9999999999711,9.491589,7.062657514595799,0.011,12.933866
318,P03,1,12,TRAIN,cont_asymptote,-1,0,-1,0.0,0,0.0,523.0,1311.9999999999663,-7.058755,-5.5399127013217,0.041,-10.498678
319,P03,1,13,TRAIN,cont_asymptote,-1,0,-1,0.0,0,0.0,434.0,575.0000000000005,-16.815115,-5.783642453272055,0.041,-13.399332
320,P03,1,14,TRAIN,cont_asymptote,-1,1,0,,1,,1558.0,5000.000000000005,-2.303661,-0.5854729232185174,0.001,1.138615
321,P03,1,15,TRAIN,cont_asymptote,1,1,1,1.0,0,1.0,509.0,1881.9999999999036,5.248402,6.488150511720675,0.011,7.277424
322,P03,1,16,TRAIN,cont_asymptote,1,1,1,1.0,0,1.0,539.0,2409.9999999998454,5.885103,5.4579178215487625,0.011,2.594768
323,P03,1,17,TRAIN,cont_asymptote,1,1,1,1.0,0,1.0,662.0,826.0000000000006,12.201241,6.682720713649039,0.011,8.842218
324,P03,1,18,TRAIN,cont_asymptote,1,0,-1,0.0,0,0.0,533.0,2677.9999999998163,-4.180458,-8.929938427934253,0.001,-7.622578
325,P03,1,19,TRAIN,cont_asymptote,-1,0,-1,0.0,0,0.0,565.0,1781.9999999999145,-8.194713,-8.536790918935209,0.001,-5.142624
326,P03,1,20,TRAIN,cont_asymptote,-1,0,-1,0.0,0,0.0,493.0,732.0000000000006,-13.137316,-9.171132830154983,0.001,-9.703624
327,P03,1,21,TRAIN,cont_asymptote,-1,0,-1,0.0,0,0.0,381.0,545.0000000000003,-16.516746,-9.469012190046815,0.001,-13.07453
328,P03,1,22,TRAIN,cont_asymptote,-1,0,-1,0.0,0,0.0,542.0,1029.9999999999973,-9.62932,-8.721506769899337,0.001,-6.187045
329,P03,1,23,TRAIN,cont_asymptote,-1,0,-1,0.0,0,0.0,726.0,1390.9999999999577,-7.80063,-8.371959805055601,0.001,-4.360404
330,P03,1,24,TRAIN,cont_asymptote,-1,0,-1,0.0,0,0.0,560.0,1325.9999999999648,-8.361112,-8.494930200475586,0.001,-4.931539
331,P03,1,25,TRAIN,cont_asymptote,-1,0,-1,0.0,0,0.0,593.0,596.0000000000005,-15.658733,-9.401785532484297,0.001,-12.22373
332,P03,1,26,TRAIN,cont_asymptote,-1,0,-1,0.0,0,0.0,367.0,636.0000000000005,-14.368208,-9.289636170688,0.001,-10.925936
333,P03,1,27,TRAIN,cont_asymptote,-1,0,-1,0.0,0,0.0,379.0,714.0000000000006,-12.992354,-9.155189038607732,0.001,-9.550095
334,P03,1,28,TRAIN,cont_asymptote,1,0,0,,1,,678.0,5000.000000000005,-2.041789,2.8868121741314385,0.011,1.400417
335,P03,1,29,TRAIN,cont_asymptote,-1,0,-1,0.0,0,0.0,463.0,1541.9999999999409,-7.915146,-6.310129799007691,0.011,-6.089533
336,P03,1,30,TRAIN,cont_asymptote,1,1,1,1.0,0,1.0,466.0,1423.999999999954,8.002013,6.939490512527147,0.011,11.432953
337,P03,1,31,TEST,cont_asymptote,-1,0,-1,0.0,0,0.0,491.0,2596.999999999825,-1.824836,-5.128175889440013,0.031,-5.256714
338,P03,1,32,TEST,cont_asymptote,-1,0,-1,0.0,0,0.0,445.0,767.0000000000006,-13.921201,-5.975188928282702,0.031,-12.272212
339,P03,1,33,TEST,cont_asymptote,-1,0,-1,0.0,0,0.0,481.0,1553.9999999999397,-7.628452,-4.90072029543144,0.031,-4.186203
340,P03,1,34,TEST,cont_asymptote,-1,0,-1,0.0,0,0.0,518.0,710.0000000000006,-13.870307,-5.813904749254435,0.031,-10.443104
341,P03,1,35,TEST,cont_asymptote,-1,0,-1,0.0,0,0.0,447.0,531.0000000000003,-17.927757,-6.140800544244458,0.031,-14.485509
342,P03,1,36,TEST,cont_asymptote,-1,0,-1,0.0,0,0.0,470.0,1398.9999999999568,-8.188493,-5.0261403001849985,0.031,-4.746216
343,P03,1,37,TEST,cont_asymptote,-1,0,-1,0.0,0,0.0,443.0,701.0000000000005,-14.031711,-5.828669087741681,0.031,-10.598072
344,P03,1,38,TEST,cont_asymptote,-1,0,-1,0.0,0,0.0,396.0,899.0000000000007,-11.398709,-5.542253182091357,0.031,-7.956457
345,P03,1,39,TEST,cont_asymptote,-1,0,-1,0.0,0,0.0,561.0,1785.999999999914,-6.978052,-4.732142979517502,0.031,-3.536125
346,P03,1,40,TEST,cont_asymptote,-1,0,-1,0.0,0,0.0,357.0,1376.999999999959,-8.280082,-5.05113676717445,0.031,-4.866495
347,P03,2,1,TRAIN,cont_asymptote,1,1,1,1.0,0,1.0,600.0,1319.9999999999654,10.546423,9.25433053412003,0.001,10.546423
348,P03,2,2,TRAIN,cont_asymptote,1,1,1,1.0,0,1.0,410.0,1425.9999999999538,4.141884,8.331151731769946,0.001,4.185889
349,P03,2,3,TRAIN,cont_asymptote,1,1,1,1.0,0,1.0,402.0,1433.999999999953,6.522967,8.780818584247015,0.001,6.565596
350,P03,2,4,TRAIN,cont_asymptote,1,1,1,1.0,0,1.0,340.0,1170.9999999999818,6.277401,8.742932164814187,0.001,6.321279
351,P03,2,5,TRAIN,cont_asymptote,1,1,1,1.0,0,1.0,324.0,1293.9999999999684,5.741902,8.654531935166364,0.001,5.785744
352,P03,2,6,TRAIN,cont_asymptote,-1,0,-1,0.0,0,0.0,506.0,139.00000000000009,-1.53021,-1.0702985958623619,0.761,-1.486485
353,P03,2,7,TRAIN,cont_asymptote,1,1,1,1.0,0,1.0,485.0,576.0000000000005,13.574119,2.8794680763859577,0.761,13.545778
354,P03,2,8,TRAIN,cont_asymptote,1,1,1,1.0,0,1.0,428.0,2656.9999999998186,2.741241,1.5604156804046754,0.611,2.785248
355,P03,2,9,TRAIN,cont_asymptote,1,1,1,1.0,0,1.0,461.0,1437.9999999999525,5.76208,2.2593016236419556,0.611,5.800753
356,P03,2,10,TRAIN,cont_asymptote,-1,0,-1,0.0,0,0.0,452.0,970.0000000000008,-8.101701,-2.5824442854877483,0.611,-8.05797
357,P03,2,11,TRAIN,cont_asymptote,1,1,1,1.0,0,1.0,989.0,827.0000000000006,9.680869,2.7594911298689984,0.611,9.636888
358,P03,2,12,TRAIN,cont_asymptote,-1,0,-1,0.0,0,0.0,454.0,946.0000000000007,-8.333552,-2.6104466171903815,0.611,-8.289551
359,P03,2,13,TRAIN,cont_asymptote,-1,0,-1,0.0,0,0.0,394.0,3984.999999999672,-1.529838,-1.322001771874317,0.451,-1.573824
360,P03,2,14,TRAIN,cont_asymptote,-1,0,-1,0.0,0,0.0,406.0,1439.9999999999523,-5.603726,-2.5285943273106386,0.451,-5.632063
361,P03,2,15,TRAIN,cont_asymptote,-1,0,-1,0.0,0,0.0,432.0,729.0000000000006,-11.840089,-3.26962768612037,0.451,-11.883773
362,P03,2,16,TRAIN,cont_asymptote,1,1,1,1.0,0,1.0,478.0,1551.99999999994,5.451295,2.4884370354054366,0.451,5.407289
363,P03,2,17,TRAIN,cont_asymptote,-1,0,-1,0.0,0,0.0,451.0,907.0000000000007,-9.863931,-3.0797762613846786,0.451,-9.8203
364,P03,2,18,TRAIN,cont_asymptote,1,1,1,1.0,0,1.0,418.0,877.0000000000007,10.233345,3.1164744863168994,0.451,10.189343
365,P03,2,19,TRAIN,cont_asymptote,-1,0,-1,0.0,0,0.0,386.0,1380.9999999999586,-6.159497,-2.5882328277363196,0.461,-6.115493
366,P03,2,20,TRAIN,cont_asymptote,-1,0,-1,0.0,0,0.0,417.0,1765.9999999999163,-4.373057,-2.2897010283461348,0.451,-4.416879
367,P03,2,21,TRAIN,cont_asymptote,-1,0,-1,0.0,0,0.0,338.0,1297.999999999968,-6.230006,-2.635034470791443,0.451,-6.272916
368,P03,2,22,TRAIN,cont_asymptote,-1,0,0,,1,,338.0,5000.000000000005,-0.90228,-1.1288787324736118,0.341,-0.946114
369,P03,2,23,TRAIN,cont_asymptote,1,0,-1,0.0,0,0.0,370.0,936.0000000000007,-9.138285,-2.8861210761174263,0.511,-9.156891
370,P03,2,24,TRAIN,cont_asymptote,-1,0,-1,0.0,0,0.0,383.0,956.0000000000007,-8.924297,-2.8654466545880783,0.511,-8.968294
371,P03,2,25,TRAIN,cont_asymptote,-1,0,-1,0.0,0,0.0,333.0,878.0000000000007,-9.818477,-2.95985796350136,0.511,-9.862473
372,P03,2,26,TRAIN,cont_asymptote,1,1,1,1.0,0,1.0,442.0,982.0000000000008,8.650989,2.8246440081743835,0.511,8.606987
373,P03,2,27,TRAIN,cont_asymptote,-1,0,-1,0.0,0,0.0,545.0,1283.9999999999693,-6.423007,-2.528233787361232,0.511,-6.379015
374,P03,2,28,TRAIN,cont_asymptote,-1,0,-1,0.0,0,0.0,369.0,884.0000000000007,-9.736456,-2.9515272813383864,0.511,-9.780321
375,P03,2,29,TRAIN,cont_asymptote,-1,0,-1,0.0,0,0.0,391.0,1488.9999999999468,-5.414355,-2.37480914179808,0.511,-5.458357
376,P03,2,30,TRAIN,cont_asymptote,-1,0,-1,0.0,0,0.0,344.0,660.0000000000005,-13.448091,-3.271632845211166,0.511,-13.491708
377,P03,2,31,TEST,cont_asymptote,-1,0,-1,0.0,0,0.0,356.0,2037.9999999998865,-3.751123,-2.020738307207643,0.511,-3.79513
378,P03,2,32,TEST,cont_asymptote,1,1,1,1.0,0,1.0,421.0,836.0000000000007,10.341089,3.0029184536516245,0.511,10.299103
379,P03,2,33,TEST,cont_asymptote,1,1,1,1.0,0,1.0,432.0,1379.9999999999588,5.907576,2.459878948691386,0.511,5.95158
380,P03,2,34,TEST,cont_asymptote,1,1,1,1.0,0,1.0,395.0,1016.9999999999987,8.331482,2.797575945488792,0.511,8.375251
381,P03,2,35,TEST,cont_asymptote,-1,0,-1,0.0,0,0.0,380.0,598.0000000000005,-14.917948,-3.3688276193483717,0.511,-14.873962
382,P03,2,36,TEST,cont_asymptote,-1,0,-1,0.0,0,0.0,424.0,1271.9999999999707,-6.48195,-2.550708691736477,0.511,-6.525957
383,P03,2,37,TEST,cont_asymptote,-1,0,-1,0.0,0,0.0,397.0,1520.9999999999434,-5.284175,-2.351093513512954,0.511,-5.328047
384,P03,2,38,TEST,cont_asymptote,-1,0,-1,0.0,0,0.0,332.0,639.0000000000005,-13.948713,-3.307954138724326,0.511,-13.992276
385,P03,2,39,TEST,cont_asymptote,-1,0,-1,0.0,0,0.0,379.0,1133.999999999986,-7.379832,-2.6781255658636156,0.511,-7.423839
386,P03,2,40,TEST,cont_asymptote,-1,0,-1,0.0,0,0.0,296.0,986.0000000000008,-8.624423,-2.8316978127721684,0.511,-8.668375
387,P03,3,1,TRAIN,cont_asymptote,-1,0,-1,0.0,0,0.0,391.0,2922.999999999789,-4.509215,-8.405499102239377,0.001,-4.509215
388,P03,3,2,TRAIN,cont_asymptote,-1,0,-1,0.0,0,0.0,318.0,1762.9999999999166,-8.820465,-8.51059154671845,0.001,-5.009497
389,P03,3,3,TRAIN,cont_asymptote,-1,0,-1,0.0,0,0.0,349.0,785.0000000000006,-13.262625,-9.07087264424383,0.001,-8.777015
390,P03,3,4,TRAIN,cont_asymptote,-1,0,-1,0.0,0,0.0,361.0,714.0000000000006,-14.051324,-9.155462110506775,0.001,-9.552681
391,P03,3,5,TRAIN,cont_asymptote,-1,0,-1,0.0,0,0.0,341.0,651.0000000000005,-15.130965,-9.262399749091212,0.001,-10.632237
392,P03,3,6,TRAIN,cont_asymptote,-1,0,-1,0.0,0,0.0,253.0,704.0000000000006,-14.211133,-9.17204304704279,0.001,-9.712358
393,P03,3,7,TRAIN,cont_asymptote,-1,0,-1,0.0,0,0.0,264.0,467.00000000000034,-20.123739,-9.647095043150507,0.001,-15.625
394,P03,3,8,TRAIN,cont_asymptote,-1,0,-1,0.0,0,0.0,266.0,1146.9999999999845,-9.929623,-8.591246469121911,0.001,-5.430824
395,P03,3,9,TRAIN,cont_asymptote,-1,0,-1,0.0,0,0.0,264.0,923.0000000000007,-11.615399,-8.861932745370916,0.001,-7.120969
396,P03,3,10,TRAIN,cont_asymptote,-1,0,-1,0.0,0,0.0,320.0,467.00000000000034,-20.122988,-9.647009914517431,0.001,-15.625
397,P03,3,11,TRAIN,cont_asymptote,-1,0,-1,0.0,0,0.0,312.0,467.00000000000034,-20.123799,-9.647101886294045,0.001,-15.625
398,P03,3,12,TRAIN,cont_asymptote,-1,0,-1,0.0,0,0.0,272.0,558.0000000000003,-17.215557,-9.441282826470335,0.001,-12.716759
399,P03,3,13,TRAIN,cont_asymptote,-1,0,-1,0.0,0,0.0,331.0,875.0000000000007,-12.017221,-8.916236755439698,0.001,-7.518425
400,P03,3,14,TRAIN,cont_asymptote,-1,0,-1,0.0,0,0.0,288.0,487.0000000000004,-19.389179,-9.598965591518253,0.001,-14.890922
401,P03,3,15,TRAIN,cont_asymptote,-1,0,-1,0.0,0,0.0,290.0,953.0000000000007,-11.28856,-8.814373920169865,0.001,-6.789761
402,P03,3,16,TRAIN,cont_asymptote,-1,0,-1,0.0,0,0.0,261.0,1854.9999999999065,-7.474692,-7.990700411614571,0.001,-2.977017
403,P03,3,17,TRAIN,cont_asymptote,-1,0,-1,0.0,0,0.0,263.0,624.0000000000005,-16.504363,-9.38788714700357,0.001,-12.055302
404,P03,3,18,TRAIN,cont_asymptote,-1,0,-1,0.0,0,0.0,316.0,671.0000000000005,-14.762475,-9.227160313138082,0.001,-10.263682
405,P03,3,19,TRAIN,cont_asymptote,1,1,1,1.0,0,1.0,417.0,1488.9999999999468,5.048166,5.724303426828585,0.031,9.54693
406,P03,3,20,TRAIN,cont_asymptote,1,1,1,1.0,0,1.0,377.0,761.0000000000006,13.976432,5.763940344682316,0.031,9.933285
407,P03,3,21,TRAIN,cont_asymptote,1,1,1,1.0,0,1.0,327.0,1304.999999999967,9.65413,5.108761299181758,0.031,5.155407
408,P03,3,22,TRAIN,cont_asymptote,1,1,1,1.0,0,1.0,315.0,976.0000000000008,11.729625,5.4475011629153975,0.031,7.236577
409,P03,3,23,TRAIN,cont_asymptote,1,1,1,1.0,0,1.0,284.0,879.0000000000007,12.66348,5.568149200436268,0.031,8.165405
410,P03,3,24,TRAIN,cont_asymptote,1,1,1,1.0,0,1.0,304.0,1408.9999999999557,9.204919,5.017726223383918,0.031,4.706404
411,P03,3,25,TRAIN,cont_asymptote,1,1,1,1.0,0,1.0,301.0,497.0000000000004,20.114801,6.216476879435479,0.031,15.625
412,P03,3,26,TRAIN,cont_asymptote,1,1,1,1.0,0,1.0,363.0,497.0000000000004,20.123799,6.216497539501722,0.031,15.625
413,P03,3,27,TRAIN,cont_asymptote,1,1,1,1.0,0,1.0,332.0,497.0000000000004,20.123799,6.216497539505105,0.031,15.625
414,P03,3,28,TRAIN,cont_asymptote,1,0,-1,0.0,0,0.0,276.0,2050.999999999885,-5.593132,-9.210355058763929,0.001,-10.091931
415,P03,3,29,TRAIN,cont_asymptote,-1,0,-1,0.0,0,0.0,405.0,798.0000000000006,-14.944013,-9.27197031845803,0.001,-10.733926
416,P03,3,30,TRAIN,cont_asymptote,1,1,0,,1,,362.0,5000.000000000005,-1.785031,6.643806908853867,0.001,2.713739
417,P03,3,31,TEST,cont_asymptote,1,1,1,1.0,0,1.0,401.0,1026.9999999999977,13.902286,9.647090725596954,0.001,15.625
418,P03,3,32,TEST,cont_asymptote,1,1,1,1.0,0,1.0,310.0,944.0000000000007,11.371957,8.82661587020457,0.001,6.87324
419,P03,3,33,TEST,cont_asymptote,1,1,1,1.0,0,1.0,645.0,866.0000000000007,12.120826,8.930006212122144,0.001,7.623061
420,P03,3,34,TEST,cont_asymptote,1,1,1,1.0,0,1.0,393.0,1770.9999999999156,7.655415,8.04937726059273,0.001,3.157105
421,P03,3,35,TEST,cont_asymptote,1,1,1,1.0,0,1.0,362.0,674.0000000000005,15.399163,9.291162815035939,0.001,10.942047
422,P03,3,36,TEST,cont_asymptote,-1,0,-1,0.0,0,0.0,411.0,2693.9999999998145,-1.316517,-6.264090726921953,0.011,-5.815297
423,P03,3,37,TEST,cont_asymptote,-1,0,-1,0.0,0,0.0,383.0,933.0000000000007,-12.637792,-6.932940425740369,0.011,-11.358951
424,P03,3,38,TEST,cont_asymptote,-1,0,-1,0.0,0,0.0,326.0,1510.9999999999443,-8.65545,-5.928729122862917,0.011,-4.156943
425,P03,3,39,TEST,cont_asymptote,-1,0,-1,0.0,0,0.0,293.0,1003.0000000000003,-11.283607,-6.4204371378520975,0.011,-6.800345
426,P03,3,40,TEST,cont_asymptote,-1,0,-1,0.0,0,0.0,318.0,812.0000000000006,-13.172202,-6.663626494049936,0.011,-8.674533
427,P03,4,1,TRAIN,cont_asymptote,-1,0,0,,1,,607.0,5000.000000000005,-0.917696,-4.488686739277262,0.001,-0.917696
428,P03,4,2,TRAIN,cont_asymptote,-1,0,-1,0.0,0,0.0,359.0,2310.9999999998563,-6.146303,-8.580709993978152,0.001,-5.37361
429,P03,4,3,TRAIN,cont_asymptote,-1,0,-1,0.0,0,0.0,331.0,3290.9999999997485,-4.527884,-7.585253525078334,0.001,-1.983925
430,P03,4,4,TRAIN,cont_asymptote,-1,0,-1,0.0,0,0.0,367.0,951.0000000000007,-12.345556,-9.191706764695855,0.001,-9.905521
431,P03,4,5,TRAIN,cont_asymptote,-1,0,-1,0.0,0,0.0,326.0,1226.9999999999757,-7.580698,-8.51054927522633,0.001,-5.009326
432,P03,4,6,TRAIN,cont_asymptote,-1,0,-1,0.0,0,0.0,324.0,821.0000000000006,-11.318491,-9.068204578169654,0.001,-8.753677
433,P03,4,7,TRAIN,cont_asymptote,-1,0,-1,0.0,0,0.0,302.0,799.0000000000006,-10.956027,-9.02515633243531,0.001,-8.384756
434,P03,4,8,TRAIN,cont_asymptote,-1,0,-1,0.0,0,0.0,302.0,1297.999999999968,-7.263605,-8.44527191941293,0.001,-4.692403
435,P03,4,9,TRAIN,cont_asymptote,1,1,1,1.0,0,1.0,515.0,1475.9999999999482,11.319024,9.528773735900216,0.001,13.881381
436,P03,4,10,TRAIN,cont_asymptote,1,1,1,1.0,0,1.0,395.0,896.0000000000007,9.895418,8.890054168492101,0.001,7.324147
437,P03,4,11,TRAIN,cont_asymptote,-1,0,-1,0.0,0,0.0,558.0,1347.9999999999623,-13.054227,-9.647056317221448,0.001,-15.625
438,P03,4,12,TRAIN,cont_asymptote,1,1,1,1.0,0,1.0,405.0,1564.9999999999384,6.972295,6.113025300323567,0.021,9.543696
439,P03,4,13,TRAIN,cont_asymptote,-1,0,-1,0.0,0,0.0,337.0,1354.9999999999616,-8.536124,-6.263539934486526,0.021,-11.095432
440,P03,4,14,TRAIN,cont_asymptote,1,1,1,1.0,0,1.0,324.0,1236.9999999999745,9.684813,6.362761131830315,0.021,12.253693
441,P03,4,15,TRAIN,cont_asymptote,1,1,1,1.0,0,1.0,357.0,492.0000000000004,18.19562,6.605510153973521,0.021,15.625
442,P03,4,16,TRAIN,cont_asymptote,-1,0,-1,0.0,0,0.0,449.0,1508.9999999999445,-6.837527,-5.709736308532384,0.031,-9.408956
443,P03,4,17,TRAIN,cont_asymptote,1,1,1,1.0,0,1.0,368.0,1158.9999999999832,9.879362,5.98846231050635,0.031,12.436934
444,P03,4,18,TRAIN,cont_asymptote,-1,0,-1,0.0,0,0.0,345.0,1008.9999999999997,-11.87093,-6.137749579352022,0.031,-14.441693
445,P03,4,19,TRAIN,cont_asymptote,-1,0,-1,0.0,0,0.0,378.0,565.0000000000003,-16.087621,-6.07164889963365,0.031,-13.516283
446,P03,4,20,TRAIN,cont_asymptote,1,1,1,1.0,0,1.0,817.0,1396.999999999957,7.250368,5.473356863635757,0.041,9.821796
447,P03,4,21,TRAIN,cont_asymptote,1,1,1,1.0,0,1.0,367.0,665.0000000000005,13.916296,5.618151568798135,0.041,11.354059
448,P03,4,22,TRAIN,cont_asymptote,1,1,1,1.0,0,1.0,386.0,2095.9999999998804,5.468868,4.533178121805233,0.031,2.897451
449,P03,4,23,TRAIN,cont_asymptote,1,1,1,1.0,0,1.0,410.0,1506.9999999999447,6.985509,4.965682973821022,0.031,4.467455
450,P03,4,24,TRAIN,cont_asymptote,1,1,1,1.0,0,1.0,327.0,690.0000000000005,13.379028,5.849307952263352,0.031,10.819562
451,P03,4,25,TRAIN,cont_asymptote,1,1,1,1.0,0,1.0,396.0,570.0000000000003,15.950182,6.06142364379034,0.031,13.378774
452,P03,4,26,TRAIN,cont_asymptote,-1,0,-1,0.0,0,0.0,367.0,1455.9999999999504,-6.828235,-5.429491796158078,0.041,-9.399662
453,P03,4,27,TRAIN,cont_asymptote,1,1,1,1.0,0,1.0,376.0,948.0000000000007,12.267428,5.88463471575618,0.041,14.824871
454,P03,4,28,TRAIN,cont_asymptote,1,1,1,1.0,0,1.0,563.0,3211.999999999757,4.148746,3.9259929712241886,0.031,1.577378
455,P03,4,29,TRAIN,cont_asymptote,1,1,1,1.0,0,1.0,414.0,966.0000000000008,10.236855,5.529041017404946,0.031,7.851968
456,P03,4,30,TRAIN,cont_asymptote,-1,0,-1,0.0,0,0.0,464.0,1927.9999999998984,-4.159404,-4.877748826227285,0.051,-6.730367
457,P03,4,31,TEST,cont_asymptote,1,1,1,1.0,0,1.0,361.0,1333.9999999999638,7.181727,5.050374948408803,0.061,9.568418
458,P03,4,32,TEST,cont_asymptote,1,1,1,1.0,0,1.0,380.0,583.0000000000005,15.925566,5.384132464587996,0.061,13.363978
459,P03,4,33,TEST,cont_asymptote,1,1,1,1.0,0,1.0,428.0,1525.9999999999427,6.953939,4.449248796438264,0.051,4.382512
460,P03,4,34,TEST,cont_asymptote,1,1,1,1.0,0,1.0,397.0,627.0000000000005,14.80339,5.475579415595477,0.051,12.244304
461,P03,4,35,TEST,cont_asymptote,1,1,1,1.0,0,1.0,319.0,748.0000000000006,12.567876,5.272946416694844,0.051,9.996452
462,P03,4,36,TEST,cont_asymptote,-1,0,-1,0.0,0,0.0,358.0,1195.999999999979,-8.655464,-5.388872358646759,0.051,-11.226847
463,P03,4,37,TEST,cont_asymptote,1,1,1,1.0,0,1.0,348.0,878.0000000000007,13.055834,5.719165495068136,0.051,15.625
464,P03,4,38,TEST,cont_asymptote,-1,0,-1,0.0,0,0.0,368.0,1702.9999999999231,-4.90789,-4.804278127559278,0.061,-7.479292
465,P03,4,39,TEST,cont_asymptote,1,1,1,1.0,0,1.0,315.0,1726.9999999999206,4.664756,4.606925911263883,0.071,7.144472
466,P03,4,40,TEST,cont_asymptote,1,1,1,1.0,0,1.0,441.0,1164.9999999999825,8.695655,4.471686689005216,0.071,6.239756
