row_id,participant_id,block_id,trial_index,winner_model_name,choice,correct_side,is_choice_correct,reaction_time_ms,H,prev_observed_belief_L,psi_t,abs_prev_belief_L,abs_psi_t,psi_shrinkage_abs,is_change_point
30,P01,1,31,cont_asymptote,-1,0,0,909,0.231,2.36876,0.9591653353085592,2.36876,0.9591653353085592,1.4095946646914408,1
31,P01,1,32,cont_asymptote,-1,0,0,1012,0.211,-4.77828,-1.2901897387247945,4.77828,1.2901897387247945,3.488090261275205,0
33,P01,1,34,cont_asymptote,-1,0,0,1629,0.201,-3.728027,-1.2948172246009622,3.728027,1.2948172246009622,2.433209775399038,0
34,P01,1,35,cont_asymptote,1,0,0,730,0.281,-3.256659,-0.8604530772342524,3.256659,0.8604530772342524,2.3962059227657475,0
35,P01,1,36,cont_asymptote,-1,0,0,713,0.271,0.133814,0.061214632655317125,0.133814,0.061214632655317125,0.07259936734468286,0
36,P01,1,37,cont_asymptote,-1,0,0,642,0.271,-5.308787,-0.9781702742103608,5.308787,0.9781702742103608,4.330616725789639,0
37,P01,1,38,cont_asymptote,1,0,0,682,0.331,-3.982086,-0.6758542687856636,3.982086,0.6758542687856636,3.306231731214336,0
38,P01,1,39,cont_asymptote,-1,0,0,822,0.331,0.102516,0.03462355168337994,0.102516,0.03462355168337994,0.06789244831662006,0
39,P01,1,40,cont_asymptote,-1,0,0,609,0.331,-5.319332,-0.6962382056702343,5.319332,0.6962382056702343,4.623093794329765,0
70,P01,2,31,cont_asymptote,1,1,1,625,0.021,6.777281,3.7902799895191475,6.777281,3.7902799895191475,2.987001010480853,1
71,P01,2,32,cont_asymptote,1,1,1,1314,0.021,7.056866,3.802652093376655,7.056866,3.802652093376655,3.2542139066233453,0
72,P01,2,33,cont_asymptote,1,1,1,744,0.021,5.356414,3.643309496216294,5.356414,3.643309496216294,1.7131045037837058,0
73,P01,2,34,cont_asymptote,1,1,1,1733,0.021,8.529467,3.8328455263183354,8.529467,3.8328455263183354,4.696621473681665,0
74,P01,2,35,cont_asymptote,1,1,1,685,0.021,3.744987,3.099681592754627,3.744987,3.099681592754627,0.645305407245373,0
75,P01,2,36,cont_asymptote,1,1,1,593,0.021,7.397815,3.8138641800833657,7.397815,3.8138641800833657,3.583950819916634,0
77,P01,2,38,cont_asymptote,-1,1,0,713,0.041,0.207369,0.19025733130260214,0.207369,0.19025733130260214,0.017111668697397858,0
78,P01,2,39,cont_asymptote,1,1,1,747,0.031,-0.943035,-0.8764697966437662,0.943035,0.8764697966437662,0.06656520335623373,0
79,P01,2,40,cont_asymptote,1,1,1,519,0.031,-0.398495,-0.3731909596674887,0.398495,0.3731909596674887,0.02530404033251127,0
110,P01,3,31,cont_asymptote,1,1,1,1165,0.091,5.519439,2.2626305514053495,5.519439,2.2626305514053495,3.2568084485946507,1
111,P01,3,32,cont_asymptote,-1,0,0,1824,0.121,3.104382,1.7071128898916,3.104382,1.7071128898916,1.3972691101084003,1
112,P01,3,33,cont_asymptote,-1,0,0,790,0.121,0.054897,0.04160748019977589,0.054897,0.04160748019977589,0.013289519800224109,0
113,P01,3,34,cont_asymptote,-1,0,0,837,0.121,-5.31125,-1.9484458121475332,5.31125,1.9484458121475332,3.362804187852467,0
114,P01,3,35,cont_asymptote,-1,1,0,787,0.121,-4.113967,-1.8730547679954817,4.113967,1.8730547679954817,2.240912232004518,1
115,P01,3,36,cont_asymptote,-1,0,0,732,0.121,-2.250246,-1.4289726248975343,2.250246,1.4289726248975343,0.8212733751024659,1
116,P01,3,37,cont_asymptote,-1,1,0,684,0.111,-6.835692,-2.072130578569265,6.835692,2.072130578569265,4.763561421430735,1
117,P01,3,38,cont_asymptote,-1,0,0,700,0.111,-2.326643,-1.5150231335091506,2.326643,1.5150231335091506,0.8116198664908492,1
118,P01,3,39,cont_asymptote,-1,0,0,701,0.111,-4.412986,-1.9894445626426345,4.412986,1.9894445626426345,2.4235414373573656,0
119,P01,3,40,cont_asymptote,-1,0,0,587,0.111,-7.343401,-2.0754805667515557,7.343401,2.0754805667515557,5.267920433248444,0
150,P01,4,31,cont_asymptote,1,1,1,1271,0.311,-2.355648,-0.6466645762914097,2.355648,0.6466645762914097,1.7089834237085904,1
151,P01,4,32,cont_asymptote,-1,0,0,954,0.301,0.229502,0.09100573073004603,0.229502,0.09100573073004603,0.13849626926995398,1
152,P01,4,33,cont_asymptote,1,1,1,999,0.331,-2.306741,-0.5683771239149426,2.306741,0.5683771239149426,1.7383638760850575,1
153,P01,4,34,cont_asymptote,1,1,1,714,0.331,1.041725,0.3262380486530778,1.041725,0.3262380486530778,0.7154869513469222,0
154,P01,4,35,cont_asymptote,1,1,1,578,0.331,5.484904,0.6973656968463109,5.484904,0.6973656968463109,4.787538303153689,0
155,P01,4,36,cont_asymptote,-1,1,0,1046,0.371,4.341982,0.5137551180757471,4.341982,0.5137551180757471,3.8282268819242526,0
156,P01,4,37,cont_asymptote,-1,0,0,954,0.371,-0.396738,-0.10112267920133211,0.396738,0.10112267920133211,0.29561532079866787,1
157,P01,4,38,cont_asymptote,-1,0,0,685,0.371,-3.332034,-0.4899811150259338,3.332034,0.4899811150259338,2.8420528849740663,0
158,P01,4,39,cont_asymptote,-1,0,0,595,0.351,-4.798994,-0.6039746909488577,4.798994,0.6039746909488577,4.195019309051142,0
159,P01,4,40,cont_asymptote,-1,0,0,638,0.351,-1.454456,-0.37465626121558604,1.454456,0.37465626121558604,1.079799738784414,0
177,P02,1,31,cont_asymptote,1,1,1,363,0.091,-13.236088,-2.3014679360582013,13.236088,2.3014679360582013,10.9346200639418,1
178,P02,1,32,cont_asymptote,-1,1,0,368,0.521,12.849041,-0.08404900195041165,12.849041,0.08404900195041165,12.764991998049588,0
179,P02,1,33,cont_asymptote,1,1,1,392,0.521,1.77542,-0.05967961523973697,1.77542,0.05967961523973697,1.715740384760263,0
180,P02,1,34,cont_asymptote,1,1,1,404,0.521,15.148829,-0.08404939997922867,15.148829,0.08404939997922867,15.06477960002077,0
181,P02,1,35,cont_asymptote,-1,0,0,391,0.521,11.222455,-0.08404719414853368,11.222455,0.08404719414853368,11.138407805851466,1
182,P02,1,36,cont_asymptote,-1,0,0,379,0.521,-12.0433,0.08404845411547077,12.0433,0.08404845411547077,11.959251545884529,0
183,P02,1,37,cont_asymptote,1,1,1,412,0.521,-11.973034,0.0840483820338335,11.973034,0.0840483820338335,11.888985617966167,1
184,P02,1,38,cont_asymptote,-1,0,0,368,0.521,9.328974,-0.08403449867144985,9.328974,0.08403449867144985,9.24493950132855,1
185,P02,1,39,cont_asymptote,1,1,1,379,0.521,-4.645879,0.08244903113233618,4.645879,0.08244903113233618,4.563429968867664,1
186,P02,1,40,cont_asymptote,1,1,1,410,0.521,9.452979,-0.08403624156676948,9.452979,0.08403624156676948,9.36894275843323,0
217,P02,2,31,cont_asymptote,1,1,1,393,0.441,8.335254,0.23698979036347012,8.335254,0.23698979036347012,8.09826420963653,1
218,P02,2,32,cont_asymptote,1,1,1,473,0.441,7.900159,0.2369272315946267,7.900159,0.2369272315946267,7.663231768405374,0
219,P02,2,33,cont_asymptote,1,1,1,382,0.441,6.540469,0.23641452037588628,6.540469,0.23641452037588628,6.304054479624114,0
220,P02,2,34,cont_asymptote,1,1,1,428,0.431,9.349639,0.27772339391203005,9.349639,0.27772339391203005,9.07191560608797,0
221,P02,2,35,cont_asymptote,1,1,1,399,0.431,4.873507,0.27350343530780563,4.873507,0.27350343530780563,4.600003564692194,0
222,P02,2,36,cont_asymptote,1,1,1,495,0.431,15.898503,0.2777722739323707,15.898503,0.2777722739323707,15.62073072606763,0
223,P02,2,37,cont_asymptote,1,1,1,427,0.431,10.606835,0.277758419238344,10.606835,0.277758419238344,10.329076580761656,0
224,P02,2,38,cont_asymptote,1,1,1,425,0.431,6.813374,0.2771546359127752,6.813374,0.2771546359127752,6.536219364087224,0
225,P02,2,39,cont_asymptote,1,1,1,392,0.431,7.178452,0.2773434169717435,7.178452,0.2773434169717435,6.901108583028257,0
226,P02,2,40,cont_asymptote,1,1,1,368,0.431,12.200424,0.2777695145176118,12.200424,0.2777695145176118,11.922654485482388,0
257,P02,3,31,cont_asymptote,-1,0,0,542,0.281,10.605327,0.939452961951293,10.605327,0.939452961951293,9.665874038048708,1
258,P02,3,32,cont_asymptote,1,1,1,409,0.281,-6.72139,-0.9368993010749803,6.72139,0.9368993010749803,5.78449069892502,1
259,P02,3,33,cont_asymptote,1,1,1,472,0.281,9.055769,0.939253704041743,9.055769,0.939253704041743,8.116515295958257,0
260,P02,3,34,cont_asymptote,1,1,1,342,0.281,13.278698,0.9395029801071502,13.278698,0.9395029801071502,12.33919501989285,0
261,P02,3,35,cont_asymptote,1,1,1,413,0.281,7.86054,0.9386710799121225,7.86054,0.9386710799121225,6.921868920087878,0
262,P02,3,36,cont_asymptote,1,1,1,386,0.281,14.703122,0.939505795998965,14.703122,0.939505795998965,13.763616204001035,0
263,P02,3,37,cont_asymptote,1,1,1,443,0.281,10.567203,0.939450874218922,10.567203,0.939450874218922,9.627752125781077,0
264,P02,3,38,cont_asymptote,1,1,1,408,0.281,14.028288,0.9395049359991283,14.028288,0.9395049359991283,13.088783064000872,0
265,P02,3,39,cont_asymptote,1,1,1,337,0.241,12.908801,1.147197831806043,12.908801,1.147197831806043,11.761603168193957,0
266,P02,3,40,cont_asymptote,1,1,1,324,0.241,2.67434,0.9723448378122823,2.67434,0.9723448378122823,1.7019951621877176,0
297,P02,4,31,cont_asymptote,-1,1,0,527,0.581,7.816935,-0.3266118653251402,7.816935,0.3266118653251402,7.49032313467486,1
298,P02,4,32,cont_asymptote,1,1,1,440,0.581,-1.64893,0.22039547202078766,1.64893,0.22039547202078766,1.4285345279792123,0
299,P02,4,33,cont_asymptote,1,1,1,382,0.581,6.454258,-0.32583425872057514,6.454258,0.32583425872057514,6.128423741279425,0
300,P02,4,34,cont_asymptote,1,1,1,440,0.581,6.413942,-0.3257913180681413,6.413942,0.3257913180681413,6.088150681931858,0
301,P02,4,35,cont_asymptote,1,1,1,427,0.581,14.035801,-0.3268793030375825,14.035801,0.3268793030375825,13.708921696962417,0
302,P02,4,36,cont_asymptote,1,1,1,379,0.581,9.597408,-0.3268346521213559,9.597408,0.3268346521213559,9.270573347878644,0
303,P02,4,37,cont_asymptote,1,1,1,348,0.581,9.356941,-0.32682237006707915,9.356941,0.32682237006707915,9.030118629932922,0
304,P02,4,38,cont_asymptote,1,1,1,411,0.581,5.043145,-0.32261431955640596,5.043145,0.32261431955640596,4.720530680443594,0
305,P02,4,39,cont_asymptote,1,1,1,331,0.581,8.415171,-0.3267324831877403,8.415171,0.3267324831877403,8.08843851681226,0
306,P02,4,40,cont_asymptote,1,1,1,348,0.581,12.460396,-0.3268772567981628,12.460396,0.3268772567981628,12.133518743201837,0
337,P03,1,31,cont_asymptote,-1,0,0,491,0.031,8.002013,3.4318776694962363,8.002013,3.4318776694962363,4.5701353305037635,1
338,P03,1,32,cont_asymptote,-1,0,0,445,0.031,-1.824836,-1.6489891387685938,1.824836,1.6489891387685938,0.17584686123140614,0
339,P03,1,33,cont_asymptote,-1,0,0,481,0.031,-13.921201,-3.442249313606114,13.921201,3.442249313606114,10.478951686393886,0
340,P03,1,34,cont_asymptote,-1,0,0,518,0.031,-7.628452,-3.427203059464015,7.628452,3.427203059464015,4.201248940535985,0
341,P03,1,35,cont_asymptote,-1,0,0,447,0.031,-13.870307,-3.442247846812556,13.870307,3.442247846812556,10.428059153187444,0
342,P03,1,36,cont_asymptote,-1,0,0,470,0.031,-17.927757,-3.442276896205064,17.927757,3.442276896205064,14.485480103794936,0
343,P03,1,37,cont_asymptote,-1,0,0,443,0.031,-8.188493,-3.43363929027227,8.188493,3.43363929027227,4.75485370972773,0
344,P03,1,38,cont_asymptote,-1,0,0,396,0.031,-14.031711,-3.4422522528160826,14.031711,3.4422522528160826,10.589458747183917,0
345,P03,1,39,cont_asymptote,-1,0,0,561,0.031,-11.398709,-3.4419274261438617,11.398709,3.4419274261438617,7.956781573856139,0
346,P03,1,40,cont_asymptote,-1,0,0,357,0.031,-6.978052,-3.4135874372513437,6.978052,3.4135874372513437,3.564464562748656,0
377,P03,2,31,cont_asymptote,-1,0,0,356,0.511,-13.448091,0.04400697359516267,13.448091,0.04400697359516267,13.404084026404837,1
378,P03,2,32,cont_asymptote,1,1,1,421,0.511,-3.751123,0.041986375706889796,3.751123,0.041986375706889796,3.7091366242931105,1
379,P03,2,33,cont_asymptote,1,1,1,432,0.511,10.341089,-0.04400425887981996,10.341089,0.04400425887981996,10.29708474112018,0
380,P03,2,34,cont_asymptote,1,1,1,395,0.511,5.907576,-0.043768382831367525,5.907576,0.043768382831367525,5.863807617168632,0
381,P03,2,35,cont_asymptote,-1,0,0,380,0.511,8.331482,-0.04398590386598933,8.331482,0.04398590386598933,8.28749609613401,1
382,P03,2,36,cont_asymptote,-1,0,0,424,0.511,-14.917948,0.04400707149334951,14.917948,0.04400707149334951,14.873940928506652,0
383,P03,2,37,cont_asymptote,-1,0,0,397,0.511,-6.48195,0.043872529306427065,6.48195,0.043872529306427065,6.438077470693573,0
384,P03,2,38,cont_asymptote,-1,0,0,332,0.511,-5.284175,0.043562872729946064,5.284175,0.043562872729946064,5.2406121272700545,0
385,P03,2,39,cont_asymptote,-1,0,0,379,0.511,-13.948713,0.04400702366626777,13.948713,0.04400702366626777,13.904705976333732,0
386,P03,2,40,cont_asymptote,-1,0,0,296,0.511,-7.379832,0.04395222231415202,7.379832,0.04395222231415202,7.335879777685848,0
417,P03,3,31,cont_asymptote,1,1,1,401,0.001,-1.785031,-1.7792509397992653,1.785031,1.7792509397992653,0.005780060200734738,1
418,P03,3,32,cont_asymptote,1,1,1,310,0.001,13.902286,6.905839232724373,13.902286,6.905839232724373,6.996446767275627,0
419,P03,3,33,cont_asymptote,1,1,1,645,0.001,11.371957,6.895318069990406,11.371957,6.895318069990406,4.476638930009594,0
420,P03,3,34,cont_asymptote,1,1,1,393,0.001,12.120826,6.901330041450917,12.120826,6.901330041450917,5.219495958549082,0
421,P03,3,35,cont_asymptote,1,1,1,362,0.001,7.655415,6.519454221359171,7.655415,6.519454221359171,1.135960778640829,0
422,P03,3,36,cont_asymptote,-1,0,0,411,0.011,15.399163,4.498780609759637,15.399163,4.498780609759637,10.900382390240363,1
423,P03,3,37,cont_asymptote,-1,0,0,383,0.011,-1.316517,-1.2788408936759144,1.316517,1.2788408936759144,0.03767610632408558,0
424,P03,3,38,cont_asymptote,-1,0,0,326,0.011,-12.637792,-4.498507206499722,12.637792,4.498507206499722,8.139284793500277,0
425,P03,3,39,cont_asymptote,-1,0,0,293,0.011,-8.65545,-4.483262431107934,8.65545,4.483262431107934,4.172187568892066,0
426,P03,3,40,cont_asymptote,-1,0,0,318,0.011,-11.283607,-4.4976690127479735,11.283607,4.4976690127479735,6.7859379872520265,0
457,P03,4,31,cont_asymptote,1,1,1,361,0.061,-4.159404,-2.5195238982036554,4.159404,2.5195238982036554,1.639880101796345,1
458,P03,4,32,cont_asymptote,1,1,1,380,0.061,7.181727,2.722354516644791,7.181727,2.722354516644791,4.459372483355209,0
459,P03,4,33,cont_asymptote,1,1,1,428,0.051,15.925566,2.92358091655122,15.925566,2.92358091655122,13.00198508344878,0
460,P03,4,34,cont_asymptote,1,1,1,397,0.051,6.953939,2.9060224792687377,6.953939,2.9060224792687377,4.047916520731262,0
461,P03,4,35,cont_asymptote,1,1,1,319,0.051,14.80339,2.9235762570024324,14.80339,2.9235762570024324,11.879813742997568,0
462,P03,4,36,cont_asymptote,-1,0,0,358,0.051,12.567876,2.923518560809569,12.567876,2.923518560809569,9.644357439190431,1
463,P03,4,37,cont_asymptote,1,1,1,348,0.051,-8.655464,-2.920356790893317,8.655464,2.920356790893317,5.735107209106683,1
464,P03,4,38,cont_asymptote,-1,0,0,368,0.061,13.055834,2.733908849651824,13.055834,2.733908849651824,10.321925150348177,1
465,P03,4,39,cont_asymptote,1,1,1,315,0.071,-4.90789,-2.479715819882528,4.90789,2.479715819882528,2.428174180117472,1
466,P03,4,40,cont_asymptote,1,1,1,441,0.071,4.664756,2.4558989774367914,4.664756,2.4558989774367914,2.2088570225632083,0
